-- phpMyAdmin SQL Dump
-- version 5.2.2
-- https://www.phpmyadmin.net/
--
-- Host: localhost:3306
-- Generation Time: Aug 24, 2025 at 08:11 PM
-- Server version: 8.0.42-cll-lve
-- PHP Version: 8.4.10

SET SQL_MODE = "NO_AUTO_VALUE_ON_ZERO";
START TRANSACTION;
SET time_zone = "+00:00";


/*!40101 SET @OLD_CHARACTER_SET_CLIENT=@@CHARACTER_SET_CLIENT */;
/*!40101 SET @OLD_CHARACTER_SET_RESULTS=@@CHARACTER_SET_RESULTS */;
/*!40101 SET @OLD_COLLATION_CONNECTION=@@COLLATION_CONNECTION */;
/*!40101 SET NAMES utf8mb4 */;

--
-- Database: `tempakod_db_ahpdosen`
--

-- --------------------------------------------------------

--
-- Table structure for table `dosen`
--

CREATE TABLE `dosen` (
  `id` bigint UNSIGNED NOT NULL,
  `nidn` varchar(15) COLLATE utf8mb4_unicode_ci NOT NULL,
  `nama_dosen` varchar(50) COLLATE utf8mb4_unicode_ci NOT NULL,
  `prodi` varchar(20) COLLATE utf8mb4_unicode_ci NOT NULL
) ENGINE=InnoDB DEFAULT CHARSET=utf8mb4 COLLATE=utf8mb4_unicode_ci;

--
-- Dumping data for table `dosen`
--

INSERT INTO `dosen` (`id`, `nidn`, `nama_dosen`, `prodi`) VALUES
(1, '0114046501', 'Prof. Dr. ZAKARIAS SITUMORANG, M.T, MCE', 'Sains Data'),
(2, '1244117501', 'ANDY PAUL HARIANJA, ST, M. Kom', 'Teknik Informatika'),
(3, '0110027801', 'ROMANUS DAMANIK, S.Kom, M.Kom', 'Sistem Informasi'),
(4, '0124126801', 'Drs. LAMHOT SITORUS, S.Kom., M.Kom', 'Teknik Informatika'),
(5, '0116117302', 'EMERSON PORMAN MALAU, S.Si, M.Kom', 'Sistem Informasi'),
(6, '0122107901', 'SORANG PAKPAHAN, S.Kom, M.Kom', 'Sistem Informasi'),
(7, '0529067401', 'WASIT GINTING, S.Kom, M.Kom', 'Sistem Informasi'),
(8, '0118127801', 'Dr. TONNI LIMBONG, S.Kom, M.Kom', 'Sistem Informasi'),
(9, '0125048801', 'Zekson A. Matondang, S.Kom., M.Kom', 'Sistem Informasi'),
(10, '0125058003', 'PARASIAN D. P. SILITONGA, S.Kom, M.Cs', 'Teknik Informatika'),
(11, '0123077601', 'Alex Rikki, S.Kom., M.Kom', 'Teknik Informatika'),
(12, '0111067801', 'DESINTA PURBA, S.Kom, M.Kom', 'Teknik Informatika'),
(13, '0126088202', 'MASDIANA SAGALA, S.Kom, M.Kom', 'Teknik Informatika'),
(14, '0129119101', 'Doni El Rezen Purba, S.Kom', 'Teknik Informatika'),
(15, '01030290001', 'Pandi Barita Nauli Simangunsong,S.Kom,M.Kom', 'Sains Data'),
(16, '0131038601', 'Dr. PASKA MARTO HASUGIAN, S.Kom, M.Kom', 'Sains Data'),
(17, '1', 'SARDO PARDINGOTAN SIPAYUNG, S.Kom, M.Kom', 'Sains Data'),
(18, '0129119401', 'NOVRIADI ANTONIUS SIAGIAN, S.Kom., M.Kom', 'Sains Data'),
(19, '01200399001', 'LOTAR MATEUS SINAGA, S.Kom., M.Kom', 'Sains Data'),
(20, '2', 'Anirma Kandida Ginting ,S.Kom.,M.Kom', 'Sains Data');

-- --------------------------------------------------------

--
-- Table structure for table `indikator`
--

CREATE TABLE `indikator` (
  `id` bigint UNSIGNED NOT NULL,
  `kriteria_id` bigint UNSIGNED NOT NULL,
  `kd_indikator` varchar(255) COLLATE utf8mb4_unicode_ci DEFAULT NULL,
  `nama_indikator` varchar(255) COLLATE utf8mb4_unicode_ci NOT NULL,
  `bobot_indikator` decimal(8,5) DEFAULT NULL
) ENGINE=InnoDB DEFAULT CHARSET=utf8mb4 COLLATE=utf8mb4_unicode_ci;

--
-- Dumping data for table `indikator`
--

INSERT INTO `indikator` (`id`, `kriteria_id`, `kd_indikator`, `nama_indikator`, `bobot_indikator`) VALUES
(1, 1, NULL, 'pedagogik', NULL),
(2, 4, NULL, 'Pernah Menjadi anggota, dalam Badan Perguruan, Lembaga Pemerintah, Organisasi Profesi, antar Lembaga, Delegasi Nasional di Pertemuan InterNasional', NULL),
(3, 4, NULL, 'Prestasi dibidang olahraga/humaniora', NULL),
(4, 2, 'KPT01', 'Publikasi Terakreditasi Nasional & Internasional', 0.30000),
(6, 2, 'KPT02', 'Presentasi seminar nasional dan internasional', 0.25000),
(7, 2, 'KPT03', 'Buku dari hasil penelitian', 0.20000),
(8, 2, 'KPT04', 'HaKI', 0.15000),
(9, 2, 'KPT05', 'Karya Ilmiah atau seni yang dipamerkan', 0.10000),
(10, 1, NULL, 'Profesional', NULL),
(11, 1, NULL, 'Pribadi', NULL),
(12, 1, NULL, 'Sosial', NULL),
(13, 3, NULL, 'Pengabdian Kepadan Masyarakat', NULL);

-- --------------------------------------------------------

--
-- Table structure for table `kriteria`
--

CREATE TABLE `kriteria` (
  `id` bigint UNSIGNED NOT NULL,
  `kd_kriteria` varchar(255) COLLATE utf8mb4_unicode_ci NOT NULL,
  `nama_kriteria` varchar(50) COLLATE utf8mb4_unicode_ci NOT NULL,
  `bobot` double NOT NULL
) ENGINE=InnoDB DEFAULT CHARSET=utf8mb4 COLLATE=utf8mb4_unicode_ci;

--
-- Dumping data for table `kriteria`
--

INSERT INTO `kriteria` (`id`, `kd_kriteria`, `nama_kriteria`, `bobot`) VALUES
(1, 'K001', 'Pendidikan dan Pembelajaran', 0.35),
(2, 'K002', 'Penelitian', 0.45),
(3, 'K003', 'Pengabdian Kepada Masyarakat', 0.1),
(4, 'K004', 'Kegiatan Penunjang Tridharma', 0.1);

-- --------------------------------------------------------

--
-- Table structure for table `migrations`
--

CREATE TABLE `migrations` (
  `id` int UNSIGNED NOT NULL,
  `migration` varchar(255) COLLATE utf8mb4_unicode_ci NOT NULL,
  `batch` int NOT NULL
) ENGINE=InnoDB DEFAULT CHARSET=utf8mb4 COLLATE=utf8mb4_unicode_ci;

--
-- Dumping data for table `migrations`
--

INSERT INTO `migrations` (`id`, `migration`, `batch`) VALUES
(1, '0001_01_01_000000_create_users_table', 1),
(2, '2025_08_06_174239_create_dosens_table', 1),
(3, '2025_08_07_175116_create_kriterias_table', 1),
(4, '2025_08_07_184234_create_indikators_table', 1),
(5, '2025_08_14_163520_create_sub_indikators_table', 1),
(6, '2025_08_14_190613_create_sub_sub_indikators_table', 1),
(7, '2025_08_18_144231_tambah_panjang_tipe_data_nama_indikator_pada_tabel_indikator', 2),
(8, '2025_08_18_163631_tambah_panjang_tipe_data_nama_sub_indikator_pada_tabel_sub_indikator', 2),
(9, '2025_08_21_175634_ubahpanjangbobotindikator', 3),
(10, '2025_08_21_181645_create_penilaian_table', 3),
(11, '2025_08_21_192640_updatesubsubindikatoragartidakunik', 4);

-- --------------------------------------------------------

--
-- Table structure for table `penilaian`
--

CREATE TABLE `penilaian` (
  `id` bigint UNSIGNED NOT NULL,
  `dosen_id` bigint UNSIGNED NOT NULL,
  `nilai` double NOT NULL,
  `penilaian_type` varchar(255) COLLATE utf8mb4_unicode_ci NOT NULL,
  `penilaian_id` bigint UNSIGNED NOT NULL
) ENGINE=InnoDB DEFAULT CHARSET=utf8mb4 COLLATE=utf8mb4_unicode_ci;

--
-- Dumping data for table `penilaian`
--

INSERT INTO `penilaian` (`id`, `dosen_id`, `nilai`, `penilaian_type`, `penilaian_id`) VALUES
(1, 1, 10, 'App\\Models\\SubSubIndikator', 1),
(2, 1, 33, 'App\\Models\\SubSubIndikator', 2),
(3, 1, 7, 'App\\Models\\SubSubIndikator', 3),
(4, 1, 0, 'App\\Models\\SubSubIndikator', 4),
(5, 1, 40, 'App\\Models\\Indikator', 9),
(6, 1, 0, 'App\\Models\\Indikator', 13),
(7, 1, 5, 'App\\Models\\Indikator', 2),
(8, 1, 2, 'App\\Models\\Indikator', 3),
(9, 1, 0, 'App\\Models\\SubIndikator', 1),
(10, 1, 0, 'App\\Models\\SubIndikator', 2),
(11, 1, 0, 'App\\Models\\SubIndikator', 3),
(12, 1, 1, 'App\\Models\\SubIndikator', 4),
(13, 1, 2, 'App\\Models\\SubIndikator', 5),
(14, 1, 0, 'App\\Models\\SubIndikator', 6),
(15, 1, 2, 'App\\Models\\SubIndikator', 7),
(16, 1, 4, 'App\\Models\\SubIndikator', 8),
(17, 1, 8, 'App\\Models\\SubIndikator', 9),
(18, 1, 2, 'App\\Models\\SubIndikator', 10),
(19, 1, 0, 'App\\Models\\SubIndikator', 11),
(20, 1, 36, 'App\\Models\\SubIndikator', 14),
(21, 1, 12, 'App\\Models\\SubIndikator', 15),
(22, 1, 2, 'App\\Models\\SubIndikator', 16),
(23, 1, 0, 'App\\Models\\SubIndikator', 17),
(24, 1, 0, 'App\\Models\\SubIndikator', 18),
(25, 1, 0, 'App\\Models\\SubIndikator', 19),
(26, 1, 0, 'App\\Models\\SubIndikator', 20),
(27, 1, 0, 'App\\Models\\SubIndikator', 21),
(28, 1, 0, 'App\\Models\\SubIndikator', 22),
(29, 1, 0, 'App\\Models\\SubIndikator', 23),
(30, 1, 0, 'App\\Models\\SubIndikator', 24),
(31, 1, 9, 'App\\Models\\SubSubIndikator', 11),
(32, 1, 33, 'App\\Models\\SubSubIndikator', 13),
(33, 1, 7, 'App\\Models\\SubSubIndikator', 14),
(34, 1, 1, 'App\\Models\\SubSubIndikator', 15),
(35, 1, 11, 'App\\Models\\SubSubIndikator', 16),
(36, 1, 32, 'App\\Models\\SubSubIndikator', 17),
(37, 1, 7, 'App\\Models\\SubSubIndikator', 18),
(38, 1, 0, 'App\\Models\\SubSubIndikator', 19),
(39, 1, 8, 'App\\Models\\SubSubIndikator', 20),
(40, 1, 36, 'App\\Models\\SubSubIndikator', 21),
(41, 1, 6, 'App\\Models\\SubSubIndikator', 22),
(42, 1, 0, 'App\\Models\\SubSubIndikator', 23),
(43, 1, 13, 'App\\Models\\SubSubIndikator', 24),
(44, 1, 28, 'App\\Models\\SubSubIndikator', 25),
(45, 1, 7, 'App\\Models\\SubSubIndikator', 26),
(46, 1, 2, 'App\\Models\\SubSubIndikator', 27),
(47, 1, 14, 'App\\Models\\SubSubIndikator', 28),
(48, 1, 27, 'App\\Models\\SubSubIndikator', 29),
(49, 1, 8, 'App\\Models\\SubSubIndikator', 30),
(50, 1, 1, 'App\\Models\\SubSubIndikator', 31),
(51, 1, 12, 'App\\Models\\SubSubIndikator', 32),
(52, 1, 38, 'App\\Models\\SubSubIndikator', 33),
(53, 1, 8, 'App\\Models\\SubSubIndikator', 34),
(54, 1, 0, 'App\\Models\\SubSubIndikator', 35),
(55, 1, 16, 'App\\Models\\SubSubIndikator', 36),
(56, 1, 28, 'App\\Models\\SubSubIndikator', 37),
(57, 1, 6, 'App\\Models\\SubSubIndikator', 38),
(58, 1, 0, 'App\\Models\\SubSubIndikator', 39),
(59, 1, 10, 'App\\Models\\SubSubIndikator', 40),
(60, 1, 34, 'App\\Models\\SubSubIndikator', 41),
(61, 1, 5, 'App\\Models\\SubSubIndikator', 42),
(62, 1, 1, 'App\\Models\\SubSubIndikator', 43),
(63, 1, 12, 'App\\Models\\SubSubIndikator', 72),
(64, 1, 30, 'App\\Models\\SubSubIndikator', 73),
(65, 1, 8, 'App\\Models\\SubSubIndikator', 74),
(66, 1, 0, 'App\\Models\\SubSubIndikator', 75),
(67, 1, 17, 'App\\Models\\SubSubIndikator', 44),
(68, 1, 29, 'App\\Models\\SubSubIndikator', 45),
(69, 1, 3, 'App\\Models\\SubSubIndikator', 46),
(70, 1, 1, 'App\\Models\\SubSubIndikator', 47),
(71, 1, 12, 'App\\Models\\SubSubIndikator', 76),
(72, 1, 28, 'App\\Models\\SubSubIndikator', 77),
(73, 1, 8, 'App\\Models\\SubSubIndikator', 78),
(74, 1, 2, 'App\\Models\\SubSubIndikator', 79),
(75, 1, 16, 'App\\Models\\SubSubIndikator', 48),
(76, 1, 29, 'App\\Models\\SubSubIndikator', 49),
(77, 1, 5, 'App\\Models\\SubSubIndikator', 50),
(78, 1, 0, 'App\\Models\\SubSubIndikator', 51),
(79, 1, 11, 'App\\Models\\SubSubIndikator', 52),
(80, 1, 33, 'App\\Models\\SubSubIndikator', 53),
(81, 1, 6, 'App\\Models\\SubSubIndikator', 54),
(82, 1, 0, 'App\\Models\\SubSubIndikator', 55),
(83, 1, 11, 'App\\Models\\SubSubIndikator', 56),
(84, 1, 32, 'App\\Models\\SubSubIndikator', 57),
(85, 1, 7, 'App\\Models\\SubSubIndikator', 58),
(86, 1, 0, 'App\\Models\\SubSubIndikator', 59),
(87, 1, 8, 'App\\Models\\SubSubIndikator', 60),
(88, 1, 36, 'App\\Models\\SubSubIndikator', 61),
(89, 1, 5, 'App\\Models\\SubSubIndikator', 62),
(90, 1, 1, 'App\\Models\\SubSubIndikator', 63),
(91, 1, 12, 'App\\Models\\SubSubIndikator', 64),
(92, 1, 32, 'App\\Models\\SubSubIndikator', 65),
(93, 1, 5, 'App\\Models\\SubSubIndikator', 66),
(94, 1, 1, 'App\\Models\\SubSubIndikator', 67),
(95, 1, 14, 'App\\Models\\SubSubIndikator', 68),
(96, 1, 29, 'App\\Models\\SubSubIndikator', 69),
(97, 1, 6, 'App\\Models\\SubSubIndikator', 70),
(98, 1, 1, 'App\\Models\\SubSubIndikator', 71),
(99, 1, 13, 'App\\Models\\SubSubIndikator', 80),
(100, 1, 32, 'App\\Models\\SubSubIndikator', 81),
(101, 1, 5, 'App\\Models\\SubSubIndikator', 82),
(102, 1, 0, 'App\\Models\\SubSubIndikator', 83),
(103, 1, 14, 'App\\Models\\SubSubIndikator', 84),
(104, 1, 30, 'App\\Models\\SubSubIndikator', 85),
(105, 1, 6, 'App\\Models\\SubSubIndikator', 86),
(106, 1, 0, 'App\\Models\\SubSubIndikator', 87),
(107, 1, 11, 'App\\Models\\SubSubIndikator', 88),
(108, 1, 32, 'App\\Models\\SubSubIndikator', 89),
(109, 1, 6, 'App\\Models\\SubSubIndikator', 90),
(110, 1, 1, 'App\\Models\\SubSubIndikator', 91),
(111, 1, 17, 'App\\Models\\SubSubIndikator', 93),
(112, 1, 32, 'App\\Models\\SubSubIndikator', 94),
(113, 1, 1, 'App\\Models\\SubSubIndikator', 95),
(114, 1, 0, 'App\\Models\\SubSubIndikator', 96),
(115, 5, 0, 'App\\Models\\Indikator', 9),
(116, 5, 1, 'App\\Models\\Indikator', 13),
(117, 5, 0, 'App\\Models\\Indikator', 2),
(118, 5, 0, 'App\\Models\\Indikator', 3),
(119, 5, 0, 'App\\Models\\SubIndikator', 1),
(120, 5, 0, 'App\\Models\\SubIndikator', 2),
(121, 5, 0, 'App\\Models\\SubIndikator', 3),
(122, 5, 0, 'App\\Models\\SubIndikator', 4),
(123, 5, 0, 'App\\Models\\SubIndikator', 5),
(124, 5, 0, 'App\\Models\\SubIndikator', 6),
(125, 5, 0, 'App\\Models\\SubIndikator', 7),
(126, 5, 0, 'App\\Models\\SubIndikator', 8),
(127, 5, 0, 'App\\Models\\SubIndikator', 9),
(128, 5, 0, 'App\\Models\\SubIndikator', 10),
(129, 5, 0, 'App\\Models\\SubIndikator', 11),
(130, 5, 11, 'App\\Models\\SubIndikator', 14),
(131, 5, 0, 'App\\Models\\SubIndikator', 15),
(132, 5, 0, 'App\\Models\\SubIndikator', 16),
(133, 5, 0, 'App\\Models\\SubIndikator', 17),
(134, 5, 0, 'App\\Models\\SubIndikator', 18),
(135, 5, 0, 'App\\Models\\SubIndikator', 19),
(136, 5, 0, 'App\\Models\\SubIndikator', 20),
(137, 5, 0, 'App\\Models\\SubIndikator', 21),
(138, 5, 0, 'App\\Models\\SubIndikator', 22),
(139, 5, 0, 'App\\Models\\SubIndikator', 23),
(140, 5, 0, 'App\\Models\\SubIndikator', 24),
(141, 5, 12, 'App\\Models\\SubSubIndikator', 1),
(142, 5, 30, 'App\\Models\\SubSubIndikator', 2),
(143, 5, 7, 'App\\Models\\SubSubIndikator', 3),
(144, 5, 1, 'App\\Models\\SubSubIndikator', 4),
(145, 5, 10, 'App\\Models\\SubSubIndikator', 11),
(146, 5, 31, 'App\\Models\\SubSubIndikator', 13),
(147, 5, 8, 'App\\Models\\SubSubIndikator', 14),
(148, 5, 1, 'App\\Models\\SubSubIndikator', 15),
(149, 5, 9, 'App\\Models\\SubSubIndikator', 16),
(150, 5, 34, 'App\\Models\\SubSubIndikator', 17),
(151, 5, 6, 'App\\Models\\SubSubIndikator', 18),
(152, 5, 1, 'App\\Models\\SubSubIndikator', 19),
(153, 5, 10, 'App\\Models\\SubSubIndikator', 20),
(154, 5, 32, 'App\\Models\\SubSubIndikator', 21),
(155, 5, 7, 'App\\Models\\SubSubIndikator', 22),
(156, 5, 1, 'App\\Models\\SubSubIndikator', 23),
(157, 5, 12, 'App\\Models\\SubSubIndikator', 24),
(158, 5, 31, 'App\\Models\\SubSubIndikator', 25),
(159, 5, 5, 'App\\Models\\SubSubIndikator', 26),
(160, 5, 2, 'App\\Models\\SubSubIndikator', 27),
(161, 5, 16, 'App\\Models\\SubSubIndikator', 28),
(162, 5, 28, 'App\\Models\\SubSubIndikator', 29),
(163, 5, 4, 'App\\Models\\SubSubIndikator', 30),
(164, 5, 2, 'App\\Models\\SubSubIndikator', 31),
(165, 5, 9, 'App\\Models\\SubSubIndikator', 32),
(166, 5, 34, 'App\\Models\\SubSubIndikator', 33),
(167, 5, 6, 'App\\Models\\SubSubIndikator', 34),
(168, 5, 1, 'App\\Models\\SubSubIndikator', 35),
(169, 5, 12, 'App\\Models\\SubSubIndikator', 36),
(170, 5, 32, 'App\\Models\\SubSubIndikator', 37),
(171, 5, 5, 'App\\Models\\SubSubIndikator', 38),
(172, 5, 1, 'App\\Models\\SubSubIndikator', 39),
(173, 5, 9, 'App\\Models\\SubSubIndikator', 40),
(174, 5, 35, 'App\\Models\\SubSubIndikator', 41),
(175, 5, 5, 'App\\Models\\SubSubIndikator', 42),
(176, 5, 1, 'App\\Models\\SubSubIndikator', 43),
(177, 5, 10, 'App\\Models\\SubSubIndikator', 72),
(178, 5, 35, 'App\\Models\\SubSubIndikator', 73),
(179, 5, 4, 'App\\Models\\SubSubIndikator', 74),
(180, 5, 1, 'App\\Models\\SubSubIndikator', 75),
(181, 5, 10, 'App\\Models\\SubSubIndikator', 44),
(182, 5, 34, 'App\\Models\\SubSubIndikator', 45),
(183, 5, 5, 'App\\Models\\SubSubIndikator', 46),
(184, 5, 1, 'App\\Models\\SubSubIndikator', 47),
(185, 5, 10, 'App\\Models\\SubSubIndikator', 76),
(186, 5, 33, 'App\\Models\\SubSubIndikator', 77),
(187, 5, 5, 'App\\Models\\SubSubIndikator', 78),
(188, 5, 2, 'App\\Models\\SubSubIndikator', 79),
(189, 5, 13, 'App\\Models\\SubSubIndikator', 48),
(190, 5, 31, 'App\\Models\\SubSubIndikator', 49),
(191, 5, 5, 'App\\Models\\SubSubIndikator', 50),
(192, 5, 1, 'App\\Models\\SubSubIndikator', 51),
(193, 5, 10, 'App\\Models\\SubSubIndikator', 52),
(194, 5, 34, 'App\\Models\\SubSubIndikator', 53),
(195, 5, 5, 'App\\Models\\SubSubIndikator', 54),
(196, 5, 1, 'App\\Models\\SubSubIndikator', 55),
(197, 5, 9, 'App\\Models\\SubSubIndikator', 56),
(198, 5, 32, 'App\\Models\\SubSubIndikator', 57),
(199, 5, 6, 'App\\Models\\SubSubIndikator', 58),
(200, 5, 3, 'App\\Models\\SubSubIndikator', 59),
(201, 5, 8, 'App\\Models\\SubSubIndikator', 60),
(202, 5, 35, 'App\\Models\\SubSubIndikator', 61),
(203, 5, 6, 'App\\Models\\SubSubIndikator', 62),
(204, 5, 1, 'App\\Models\\SubSubIndikator', 63),
(205, 5, 12, 'App\\Models\\SubSubIndikator', 64),
(206, 5, 31, 'App\\Models\\SubSubIndikator', 65),
(207, 5, 4, 'App\\Models\\SubSubIndikator', 66),
(208, 5, 3, 'App\\Models\\SubSubIndikator', 67),
(209, 5, 10, 'App\\Models\\SubSubIndikator', 68),
(210, 5, 33, 'App\\Models\\SubSubIndikator', 69),
(211, 5, 3, 'App\\Models\\SubSubIndikator', 70),
(212, 5, 4, 'App\\Models\\SubSubIndikator', 71),
(213, 5, 9, 'App\\Models\\SubSubIndikator', 80),
(214, 5, 33, 'App\\Models\\SubSubIndikator', 81),
(215, 5, 5, 'App\\Models\\SubSubIndikator', 82),
(216, 5, 3, 'App\\Models\\SubSubIndikator', 83),
(217, 5, 11, 'App\\Models\\SubSubIndikator', 84),
(218, 5, 31, 'App\\Models\\SubSubIndikator', 85),
(219, 5, 5, 'App\\Models\\SubSubIndikator', 86),
(220, 5, 3, 'App\\Models\\SubSubIndikator', 87),
(221, 5, 8, 'App\\Models\\SubSubIndikator', 88),
(222, 5, 35, 'App\\Models\\SubSubIndikator', 89),
(223, 5, 4, 'App\\Models\\SubSubIndikator', 90),
(224, 5, 3, 'App\\Models\\SubSubIndikator', 91),
(225, 5, 12, 'App\\Models\\SubSubIndikator', 93),
(226, 5, 34, 'App\\Models\\SubSubIndikator', 94),
(227, 5, 3, 'App\\Models\\SubSubIndikator', 95),
(228, 5, 1, 'App\\Models\\SubSubIndikator', 96),
(229, 6, 19, 'App\\Models\\SubSubIndikator', 1),
(230, 6, 30, 'App\\Models\\SubSubIndikator', 2),
(231, 6, 0, 'App\\Models\\SubSubIndikator', 3),
(232, 6, 1, 'App\\Models\\SubSubIndikator', 4),
(233, 6, 17, 'App\\Models\\SubSubIndikator', 11),
(234, 6, 31, 'App\\Models\\SubSubIndikator', 13),
(235, 6, 2, 'App\\Models\\SubSubIndikator', 14),
(236, 6, 0, 'App\\Models\\SubSubIndikator', 15),
(237, 6, 16, 'App\\Models\\SubSubIndikator', 16),
(238, 6, 29, 'App\\Models\\SubSubIndikator', 17),
(239, 6, 4, 'App\\Models\\SubSubIndikator', 18),
(240, 6, 1, 'App\\Models\\SubSubIndikator', 19),
(241, 6, 16, 'App\\Models\\SubSubIndikator', 20),
(242, 6, 29, 'App\\Models\\SubSubIndikator', 21),
(243, 6, 4, 'App\\Models\\SubSubIndikator', 22),
(244, 6, 1, 'App\\Models\\SubSubIndikator', 23),
(245, 6, 17, 'App\\Models\\SubSubIndikator', 24),
(246, 6, 30, 'App\\Models\\SubSubIndikator', 25),
(247, 6, 2, 'App\\Models\\SubSubIndikator', 26),
(248, 6, 1, 'App\\Models\\SubSubIndikator', 27),
(249, 6, 16, 'App\\Models\\SubSubIndikator', 28),
(250, 6, 32, 'App\\Models\\SubSubIndikator', 29),
(251, 6, 1, 'App\\Models\\SubSubIndikator', 30),
(252, 6, 1, 'App\\Models\\SubSubIndikator', 31),
(253, 6, 17, 'App\\Models\\SubSubIndikator', 32),
(254, 6, 30, 'App\\Models\\SubSubIndikator', 33),
(255, 6, 2, 'App\\Models\\SubSubIndikator', 34),
(256, 6, 1, 'App\\Models\\SubSubIndikator', 35),
(257, 6, 21, 'App\\Models\\SubSubIndikator', 36),
(258, 6, 27, 'App\\Models\\SubSubIndikator', 37),
(259, 6, 2, 'App\\Models\\SubSubIndikator', 38),
(260, 6, 0, 'App\\Models\\SubSubIndikator', 39),
(261, 6, 18, 'App\\Models\\SubSubIndikator', 40),
(262, 6, 29, 'App\\Models\\SubSubIndikator', 41),
(263, 6, 3, 'App\\Models\\SubSubIndikator', 42),
(264, 6, 0, 'App\\Models\\SubSubIndikator', 43),
(265, 6, 16, 'App\\Models\\SubSubIndikator', 72),
(266, 6, 28, 'App\\Models\\SubSubIndikator', 73),
(267, 6, 6, 'App\\Models\\SubSubIndikator', 74),
(268, 6, 0, 'App\\Models\\SubSubIndikator', 75),
(269, 6, 0, 'App\\Models\\Indikator', 9),
(270, 6, 3, 'App\\Models\\Indikator', 13),
(271, 6, 0, 'App\\Models\\Indikator', 2),
(272, 6, 0, 'App\\Models\\Indikator', 3),
(273, 6, 0, 'App\\Models\\SubIndikator', 1),
(274, 6, 0, 'App\\Models\\SubIndikator', 2),
(275, 6, 0, 'App\\Models\\SubIndikator', 3),
(276, 6, 0, 'App\\Models\\SubIndikator', 4),
(277, 6, 0, 'App\\Models\\SubIndikator', 5),
(278, 6, 0, 'App\\Models\\SubIndikator', 6),
(279, 6, 0, 'App\\Models\\SubIndikator', 7),
(280, 6, 0, 'App\\Models\\SubIndikator', 8),
(281, 6, 0, 'App\\Models\\SubIndikator', 9),
(282, 6, 1, 'App\\Models\\SubIndikator', 10),
(283, 6, 0, 'App\\Models\\SubIndikator', 11),
(284, 6, 11, 'App\\Models\\SubIndikator', 14),
(285, 6, 0, 'App\\Models\\SubIndikator', 15),
(286, 6, 1, 'App\\Models\\SubIndikator', 16),
(287, 6, 1, 'App\\Models\\SubIndikator', 17),
(288, 6, 0, 'App\\Models\\SubIndikator', 18),
(289, 6, 0, 'App\\Models\\SubIndikator', 19),
(290, 6, 0, 'App\\Models\\SubIndikator', 20),
(291, 6, 0, 'App\\Models\\SubIndikator', 21),
(292, 6, 0, 'App\\Models\\SubIndikator', 22),
(293, 6, 0, 'App\\Models\\SubIndikator', 23),
(294, 6, 0, 'App\\Models\\SubIndikator', 24),
(295, 6, 14, 'App\\Models\\SubSubIndikator', 44),
(296, 6, 32, 'App\\Models\\SubSubIndikator', 45),
(297, 6, 4, 'App\\Models\\SubSubIndikator', 46),
(298, 6, 0, 'App\\Models\\SubSubIndikator', 47),
(299, 6, 14, 'App\\Models\\SubSubIndikator', 76),
(300, 6, 30, 'App\\Models\\SubSubIndikator', 77),
(301, 6, 5, 'App\\Models\\SubSubIndikator', 78),
(302, 6, 1, 'App\\Models\\SubSubIndikator', 79),
(303, 6, 13, 'App\\Models\\SubSubIndikator', 48),
(304, 6, 34, 'App\\Models\\SubSubIndikator', 49),
(305, 6, 2, 'App\\Models\\SubSubIndikator', 50),
(306, 6, 1, 'App\\Models\\SubSubIndikator', 51),
(307, 6, 14, 'App\\Models\\SubSubIndikator', 52),
(308, 6, 32, 'App\\Models\\SubSubIndikator', 53),
(309, 6, 3, 'App\\Models\\SubSubIndikator', 54),
(310, 6, 1, 'App\\Models\\SubSubIndikator', 55),
(311, 6, 18, 'App\\Models\\SubSubIndikator', 56),
(312, 6, 27, 'App\\Models\\SubSubIndikator', 57),
(313, 6, 4, 'App\\Models\\SubSubIndikator', 58),
(314, 6, 1, 'App\\Models\\SubSubIndikator', 59),
(315, 6, 17, 'App\\Models\\SubSubIndikator', 60),
(316, 6, 30, 'App\\Models\\SubSubIndikator', 61),
(317, 6, 2, 'App\\Models\\SubSubIndikator', 62),
(318, 6, 1, 'App\\Models\\SubSubIndikator', 63),
(319, 6, 16, 'App\\Models\\SubSubIndikator', 64),
(320, 6, 29, 'App\\Models\\SubSubIndikator', 65),
(321, 6, 4, 'App\\Models\\SubSubIndikator', 66),
(322, 6, 1, 'App\\Models\\SubSubIndikator', 67),
(323, 6, 16, 'App\\Models\\SubSubIndikator', 68),
(324, 6, 33, 'App\\Models\\SubSubIndikator', 69),
(325, 6, 0, 'App\\Models\\SubSubIndikator', 70),
(326, 6, 1, 'App\\Models\\SubSubIndikator', 71),
(327, 6, 18, 'App\\Models\\SubSubIndikator', 80),
(328, 6, 28, 'App\\Models\\SubSubIndikator', 81),
(329, 6, 3, 'App\\Models\\SubSubIndikator', 82),
(330, 6, 1, 'App\\Models\\SubSubIndikator', 83),
(331, 6, 16, 'App\\Models\\SubSubIndikator', 84),
(332, 6, 31, 'App\\Models\\SubSubIndikator', 85),
(333, 6, 2, 'App\\Models\\SubSubIndikator', 86),
(334, 6, 1, 'App\\Models\\SubSubIndikator', 87),
(335, 6, 15, 'App\\Models\\SubSubIndikator', 88),
(336, 6, 33, 'App\\Models\\SubSubIndikator', 89),
(337, 6, 1, 'App\\Models\\SubSubIndikator', 90),
(338, 6, 1, 'App\\Models\\SubSubIndikator', 91),
(339, 6, 20, 'App\\Models\\SubSubIndikator', 93),
(340, 6, 28, 'App\\Models\\SubSubIndikator', 94),
(341, 6, 2, 'App\\Models\\SubSubIndikator', 95),
(342, 6, 0, 'App\\Models\\SubSubIndikator', 96),
(343, 7, 21, 'App\\Models\\SubSubIndikator', 1),
(344, 7, 26, 'App\\Models\\SubSubIndikator', 2),
(345, 7, 3, 'App\\Models\\SubSubIndikator', 3),
(346, 7, 0, 'App\\Models\\SubSubIndikator', 4),
(347, 7, 18, 'App\\Models\\SubSubIndikator', 11),
(348, 7, 29, 'App\\Models\\SubSubIndikator', 13),
(349, 7, 3, 'App\\Models\\SubSubIndikator', 14),
(350, 7, 0, 'App\\Models\\SubSubIndikator', 15),
(351, 7, 18, 'App\\Models\\SubSubIndikator', 16),
(352, 7, 29, 'App\\Models\\SubSubIndikator', 17),
(353, 7, 3, 'App\\Models\\SubSubIndikator', 18),
(354, 7, 0, 'App\\Models\\SubSubIndikator', 19),
(355, 7, 16, 'App\\Models\\SubSubIndikator', 20),
(356, 7, 30, 'App\\Models\\SubSubIndikator', 21),
(357, 7, 3, 'App\\Models\\SubSubIndikator', 22),
(358, 7, 1, 'App\\Models\\SubSubIndikator', 23),
(359, 7, 18, 'App\\Models\\SubSubIndikator', 24),
(360, 7, 26, 'App\\Models\\SubSubIndikator', 25),
(361, 7, 6, 'App\\Models\\SubSubIndikator', 26),
(362, 7, 0, 'App\\Models\\SubSubIndikator', 27),
(363, 7, 21, 'App\\Models\\SubSubIndikator', 28),
(364, 7, 25, 'App\\Models\\SubSubIndikator', 29),
(365, 7, 4, 'App\\Models\\SubSubIndikator', 30),
(366, 7, 0, 'App\\Models\\SubSubIndikator', 31),
(367, 7, 18, 'App\\Models\\SubSubIndikator', 32),
(368, 7, 29, 'App\\Models\\SubSubIndikator', 33),
(369, 7, 2, 'App\\Models\\SubSubIndikator', 34),
(370, 7, 1, 'App\\Models\\SubSubIndikator', 35),
(371, 7, 17, 'App\\Models\\SubSubIndikator', 36),
(372, 7, 30, 'App\\Models\\SubSubIndikator', 37),
(373, 7, 3, 'App\\Models\\SubSubIndikator', 38),
(374, 7, 0, 'App\\Models\\SubSubIndikator', 39),
(375, 7, 18, 'App\\Models\\SubSubIndikator', 40),
(376, 7, 28, 'App\\Models\\SubSubIndikator', 41),
(377, 7, 3, 'App\\Models\\SubSubIndikator', 42),
(378, 7, 1, 'App\\Models\\SubSubIndikator', 43),
(379, 7, 16, 'App\\Models\\SubSubIndikator', 72),
(380, 7, 32, 'App\\Models\\SubSubIndikator', 73),
(381, 7, 2, 'App\\Models\\SubSubIndikator', 74),
(382, 7, 0, 'App\\Models\\SubSubIndikator', 75),
(383, 7, 19, 'App\\Models\\SubSubIndikator', 44),
(384, 7, 29, 'App\\Models\\SubSubIndikator', 45),
(385, 7, 1, 'App\\Models\\SubSubIndikator', 46),
(386, 7, 1, 'App\\Models\\SubSubIndikator', 47),
(387, 7, 17, 'App\\Models\\SubSubIndikator', 76),
(388, 7, 28, 'App\\Models\\SubSubIndikator', 77),
(389, 7, 3, 'App\\Models\\SubSubIndikator', 78),
(390, 7, 2, 'App\\Models\\SubSubIndikator', 79),
(391, 7, 19, 'App\\Models\\SubSubIndikator', 48),
(392, 7, 28, 'App\\Models\\SubSubIndikator', 49),
(393, 7, 2, 'App\\Models\\SubSubIndikator', 50),
(394, 7, 1, 'App\\Models\\SubSubIndikator', 51),
(395, 7, 15, 'App\\Models\\SubSubIndikator', 52),
(396, 7, 30, 'App\\Models\\SubSubIndikator', 53),
(397, 7, 4, 'App\\Models\\SubSubIndikator', 54),
(398, 7, 1, 'App\\Models\\SubSubIndikator', 55),
(399, 7, 16, 'App\\Models\\SubSubIndikator', 56),
(400, 7, 30, 'App\\Models\\SubSubIndikator', 57),
(401, 7, 3, 'App\\Models\\SubSubIndikator', 58),
(402, 7, 1, 'App\\Models\\SubSubIndikator', 59),
(403, 7, 17, 'App\\Models\\SubSubIndikator', 60),
(404, 7, 30, 'App\\Models\\SubSubIndikator', 61),
(405, 7, 2, 'App\\Models\\SubSubIndikator', 62),
(406, 7, 1, 'App\\Models\\SubSubIndikator', 63),
(407, 7, 18, 'App\\Models\\SubSubIndikator', 64),
(408, 7, 29, 'App\\Models\\SubSubIndikator', 65),
(409, 7, 3, 'App\\Models\\SubSubIndikator', 66),
(410, 7, 0, 'App\\Models\\SubSubIndikator', 67),
(411, 7, 21, 'App\\Models\\SubSubIndikator', 68),
(412, 7, 25, 'App\\Models\\SubSubIndikator', 69),
(413, 7, 3, 'App\\Models\\SubSubIndikator', 70),
(414, 7, 1, 'App\\Models\\SubSubIndikator', 71),
(415, 7, 0, 'App\\Models\\Indikator', 9),
(416, 7, 4, 'App\\Models\\Indikator', 13),
(417, 7, 2, 'App\\Models\\Indikator', 2),
(418, 7, 0, 'App\\Models\\Indikator', 3),
(419, 7, 0, 'App\\Models\\SubIndikator', 1),
(420, 7, 0, 'App\\Models\\SubIndikator', 2),
(421, 7, 0, 'App\\Models\\SubIndikator', 3),
(422, 7, 0, 'App\\Models\\SubIndikator', 4),
(423, 7, 0, 'App\\Models\\SubIndikator', 5),
(424, 7, 0, 'App\\Models\\SubIndikator', 6),
(425, 7, 0, 'App\\Models\\SubIndikator', 7),
(426, 7, 0, 'App\\Models\\SubIndikator', 8),
(427, 7, 0, 'App\\Models\\SubIndikator', 9),
(428, 7, 0, 'App\\Models\\SubIndikator', 10),
(429, 7, 0, 'App\\Models\\SubIndikator', 11),
(430, 7, 9, 'App\\Models\\SubIndikator', 14),
(431, 7, 0, 'App\\Models\\SubIndikator', 15),
(432, 7, 1, 'App\\Models\\SubIndikator', 16),
(433, 7, 0, 'App\\Models\\SubIndikator', 17),
(434, 7, 1, 'App\\Models\\SubIndikator', 18),
(435, 7, 0, 'App\\Models\\SubIndikator', 19),
(436, 7, 0, 'App\\Models\\SubIndikator', 20),
(437, 7, 0, 'App\\Models\\SubIndikator', 21),
(438, 7, 0, 'App\\Models\\SubIndikator', 22),
(439, 7, 0, 'App\\Models\\SubIndikator', 23),
(440, 7, 0, 'App\\Models\\SubIndikator', 24),
(441, 7, 20, 'App\\Models\\SubSubIndikator', 80),
(442, 7, 28, 'App\\Models\\SubSubIndikator', 81),
(443, 7, 1, 'App\\Models\\SubSubIndikator', 82),
(444, 7, 1, 'App\\Models\\SubSubIndikator', 83),
(445, 7, 19, 'App\\Models\\SubSubIndikator', 84),
(446, 7, 2, 'App\\Models\\SubSubIndikator', 85),
(447, 7, 4, 'App\\Models\\SubSubIndikator', 86),
(448, 7, 1, 'App\\Models\\SubSubIndikator', 87),
(449, 7, 19, 'App\\Models\\SubSubIndikator', 88),
(450, 7, 28, 'App\\Models\\SubSubIndikator', 89),
(451, 7, 3, 'App\\Models\\SubSubIndikator', 90),
(452, 7, 0, 'App\\Models\\SubSubIndikator', 91),
(453, 7, 19, 'App\\Models\\SubSubIndikator', 93),
(454, 7, 27, 'App\\Models\\SubSubIndikator', 94),
(455, 7, 4, 'App\\Models\\SubSubIndikator', 95),
(456, 7, 0, 'App\\Models\\SubSubIndikator', 96),
(457, 8, 0, 'App\\Models\\Indikator', 9),
(458, 8, 0, 'App\\Models\\Indikator', 13),
(459, 8, 0, 'App\\Models\\Indikator', 2),
(460, 8, 0, 'App\\Models\\Indikator', 3),
(461, 8, 0, 'App\\Models\\SubIndikator', 1),
(462, 8, 0, 'App\\Models\\SubIndikator', 2),
(463, 8, 0, 'App\\Models\\SubIndikator', 3),
(464, 8, 0, 'App\\Models\\SubIndikator', 4),
(465, 8, 0, 'App\\Models\\SubIndikator', 5),
(466, 8, 0, 'App\\Models\\SubIndikator', 6),
(467, 8, 0, 'App\\Models\\SubIndikator', 7),
(468, 8, 0, 'App\\Models\\SubIndikator', 8),
(469, 8, 0, 'App\\Models\\SubIndikator', 9),
(470, 8, 1, 'App\\Models\\SubIndikator', 10),
(471, 8, 0, 'App\\Models\\SubIndikator', 11),
(472, 8, 22, 'App\\Models\\SubIndikator', 14),
(473, 8, 0, 'App\\Models\\SubIndikator', 15),
(474, 8, 0, 'App\\Models\\SubIndikator', 16),
(475, 8, 0, 'App\\Models\\SubIndikator', 17),
(476, 8, 1, 'App\\Models\\SubIndikator', 18),
(477, 8, 0, 'App\\Models\\SubIndikator', 19),
(478, 8, 0, 'App\\Models\\SubIndikator', 20),
(479, 8, 0, 'App\\Models\\SubIndikator', 21),
(480, 8, 0, 'App\\Models\\SubIndikator', 22),
(481, 8, 0, 'App\\Models\\SubIndikator', 23),
(482, 8, 0, 'App\\Models\\SubIndikator', 24),
(483, 8, 16, 'App\\Models\\SubSubIndikator', 1),
(484, 8, 29, 'App\\Models\\SubSubIndikator', 2),
(485, 8, 4, 'App\\Models\\SubSubIndikator', 3),
(486, 8, 0, 'App\\Models\\SubSubIndikator', 4),
(487, 8, 12, 'App\\Models\\SubSubIndikator', 11),
(488, 8, 32, 'App\\Models\\SubSubIndikator', 13),
(489, 8, 5, 'App\\Models\\SubSubIndikator', 14),
(490, 8, 0, 'App\\Models\\SubSubIndikator', 15),
(491, 8, 12, 'App\\Models\\SubSubIndikator', 16),
(492, 8, 33, 'App\\Models\\SubSubIndikator', 17),
(493, 8, 4, 'App\\Models\\SubSubIndikator', 18),
(494, 8, 0, 'App\\Models\\SubSubIndikator', 19),
(495, 8, 12, 'App\\Models\\SubSubIndikator', 20),
(496, 8, 32, 'App\\Models\\SubSubIndikator', 21),
(497, 8, 4, 'App\\Models\\SubSubIndikator', 22),
(498, 8, 1, 'App\\Models\\SubSubIndikator', 23),
(499, 8, 17, 'App\\Models\\SubSubIndikator', 24),
(500, 8, 27, 'App\\Models\\SubSubIndikator', 25),
(501, 8, 5, 'App\\Models\\SubSubIndikator', 26),
(502, 8, 0, 'App\\Models\\SubSubIndikator', 27),
(503, 8, 18, 'App\\Models\\SubSubIndikator', 28),
(504, 8, 27, 'App\\Models\\SubSubIndikator', 29),
(505, 8, 4, 'App\\Models\\SubSubIndikator', 30),
(506, 8, 0, 'App\\Models\\SubSubIndikator', 31),
(507, 8, 13, 'App\\Models\\SubSubIndikator', 32),
(508, 8, 31, 'App\\Models\\SubSubIndikator', 33),
(509, 8, 5, 'App\\Models\\SubSubIndikator', 34),
(510, 8, 0, 'App\\Models\\SubSubIndikator', 35),
(511, 8, 13, 'App\\Models\\SubSubIndikator', 36),
(512, 8, 33, 'App\\Models\\SubSubIndikator', 37),
(513, 8, 3, 'App\\Models\\SubSubIndikator', 38),
(514, 8, 0, 'App\\Models\\SubSubIndikator', 39),
(515, 8, 13, 'App\\Models\\SubSubIndikator', 40),
(516, 8, 32, 'App\\Models\\SubSubIndikator', 41),
(517, 8, 4, 'App\\Models\\SubSubIndikator', 42),
(518, 8, 0, 'App\\Models\\SubSubIndikator', 43),
(519, 8, 12, 'App\\Models\\SubSubIndikator', 72),
(520, 8, 33, 'App\\Models\\SubSubIndikator', 73),
(521, 8, 5, 'App\\Models\\SubSubIndikator', 74),
(522, 8, 0, 'App\\Models\\SubSubIndikator', 75),
(523, 8, 12, 'App\\Models\\SubSubIndikator', 44),
(524, 8, 33, 'App\\Models\\SubSubIndikator', 45),
(525, 8, 3, 'App\\Models\\SubSubIndikator', 46),
(526, 8, 1, 'App\\Models\\SubSubIndikator', 47),
(527, 8, 13, 'App\\Models\\SubSubIndikator', 76),
(528, 8, 29, 'App\\Models\\SubSubIndikator', 77),
(529, 8, 6, 'App\\Models\\SubSubIndikator', 78),
(530, 8, 1, 'App\\Models\\SubSubIndikator', 79),
(531, 8, 12, 'App\\Models\\SubSubIndikator', 48),
(532, 8, 32, 'App\\Models\\SubSubIndikator', 49),
(533, 8, 5, 'App\\Models\\SubSubIndikator', 50),
(534, 8, 0, 'App\\Models\\SubSubIndikator', 51),
(535, 8, 13, 'App\\Models\\SubSubIndikator', 52),
(536, 8, 29, 'App\\Models\\SubSubIndikator', 53),
(537, 8, 7, 'App\\Models\\SubSubIndikator', 54),
(538, 8, 0, 'App\\Models\\SubSubIndikator', 55),
(539, 8, 14, 'App\\Models\\SubSubIndikator', 56),
(540, 8, 32, 'App\\Models\\SubSubIndikator', 57),
(541, 8, 3, 'App\\Models\\SubSubIndikator', 58),
(542, 8, 0, 'App\\Models\\SubSubIndikator', 59),
(543, 8, 15, 'App\\Models\\SubSubIndikator', 60),
(544, 8, 30, 'App\\Models\\SubSubIndikator', 61),
(545, 8, 2, 'App\\Models\\SubSubIndikator', 62),
(546, 8, 2, 'App\\Models\\SubSubIndikator', 63),
(547, 8, 16, 'App\\Models\\SubSubIndikator', 64),
(548, 8, 30, 'App\\Models\\SubSubIndikator', 65),
(549, 8, 3, 'App\\Models\\SubSubIndikator', 66),
(550, 8, 0, 'App\\Models\\SubSubIndikator', 67),
(551, 8, 15, 'App\\Models\\SubSubIndikator', 68),
(552, 8, 31, 'App\\Models\\SubSubIndikator', 69),
(553, 8, 3, 'App\\Models\\SubSubIndikator', 70),
(554, 8, 0, 'App\\Models\\SubSubIndikator', 71),
(555, 8, 14, 'App\\Models\\SubSubIndikator', 80),
(556, 8, 28, 'App\\Models\\SubSubIndikator', 81),
(557, 8, 7, 'App\\Models\\SubSubIndikator', 82),
(558, 8, 0, 'App\\Models\\SubSubIndikator', 83),
(559, 8, 15, 'App\\Models\\SubSubIndikator', 84),
(560, 8, 28, 'App\\Models\\SubSubIndikator', 85),
(561, 8, 6, 'App\\Models\\SubSubIndikator', 86),
(562, 8, 0, 'App\\Models\\SubSubIndikator', 87),
(563, 8, 13, 'App\\Models\\SubSubIndikator', 88),
(564, 8, 29, 'App\\Models\\SubSubIndikator', 89),
(565, 8, 7, 'App\\Models\\SubSubIndikator', 90),
(566, 8, 0, 'App\\Models\\SubSubIndikator', 91),
(567, 8, 17, 'App\\Models\\SubSubIndikator', 93),
(568, 8, 30, 'App\\Models\\SubSubIndikator', 94),
(569, 8, 2, 'App\\Models\\SubSubIndikator', 95),
(570, 8, 0, 'App\\Models\\SubSubIndikator', 96),
(571, 3, 0, 'App\\Models\\Indikator', 9),
(572, 3, 5, 'App\\Models\\Indikator', 13),
(573, 3, 0, 'App\\Models\\Indikator', 2),
(574, 3, 0, 'App\\Models\\Indikator', 3),
(575, 3, 0, 'App\\Models\\SubIndikator', 1),
(576, 3, 0, 'App\\Models\\SubIndikator', 2),
(577, 3, 0, 'App\\Models\\SubIndikator', 3),
(578, 3, 0, 'App\\Models\\SubIndikator', 4),
(579, 3, 0, 'App\\Models\\SubIndikator', 5),
(580, 3, 0, 'App\\Models\\SubIndikator', 6),
(581, 3, 0, 'App\\Models\\SubIndikator', 7),
(582, 3, 1, 'App\\Models\\SubIndikator', 8),
(583, 3, 0, 'App\\Models\\SubIndikator', 9),
(584, 3, 2, 'App\\Models\\SubIndikator', 10),
(585, 3, 0, 'App\\Models\\SubIndikator', 11),
(586, 3, 11, 'App\\Models\\SubIndikator', 14),
(587, 3, 1, 'App\\Models\\SubIndikator', 15),
(588, 3, 1, 'App\\Models\\SubIndikator', 16),
(589, 3, 0, 'App\\Models\\SubIndikator', 17),
(590, 3, 0, 'App\\Models\\SubIndikator', 18),
(591, 3, 0, 'App\\Models\\SubIndikator', 19),
(592, 3, 0, 'App\\Models\\SubIndikator', 20),
(593, 3, 0, 'App\\Models\\SubIndikator', 21),
(594, 3, 0, 'App\\Models\\SubIndikator', 22),
(595, 3, 0, 'App\\Models\\SubIndikator', 23),
(596, 3, 0, 'App\\Models\\SubIndikator', 24),
(597, 3, 20, 'App\\Models\\SubSubIndikator', 1),
(598, 3, 225, 'App\\Models\\SubSubIndikator', 2),
(599, 3, 5, 'App\\Models\\SubSubIndikator', 3),
(600, 3, 0, 'App\\Models\\SubSubIndikator', 4),
(601, 3, 19, 'App\\Models\\SubSubIndikator', 11),
(602, 3, 25, 'App\\Models\\SubSubIndikator', 13),
(603, 3, 5, 'App\\Models\\SubSubIndikator', 14),
(604, 3, 0, 'App\\Models\\SubSubIndikator', 15),
(605, 3, 18, 'App\\Models\\SubSubIndikator', 16),
(606, 3, 27, 'App\\Models\\SubSubIndikator', 17),
(607, 3, 4, 'App\\Models\\SubSubIndikator', 18),
(608, 3, 0, 'App\\Models\\SubSubIndikator', 19),
(609, 3, 19, 'App\\Models\\SubSubIndikator', 20),
(610, 3, 27, 'App\\Models\\SubSubIndikator', 21),
(611, 3, 2, 'App\\Models\\SubSubIndikator', 22),
(612, 3, 1, 'App\\Models\\SubSubIndikator', 23),
(613, 3, 18, 'App\\Models\\SubSubIndikator', 24),
(614, 3, 24, 'App\\Models\\SubSubIndikator', 25),
(615, 3, 6, 'App\\Models\\SubSubIndikator', 26),
(616, 3, 1, 'App\\Models\\SubSubIndikator', 27),
(617, 3, 18, 'App\\Models\\SubSubIndikator', 28),
(618, 3, 29, 'App\\Models\\SubSubIndikator', 29),
(619, 3, 2, 'App\\Models\\SubSubIndikator', 30),
(620, 3, 0, 'App\\Models\\SubSubIndikator', 31),
(621, 3, 18, 'App\\Models\\SubSubIndikator', 32),
(622, 3, 26, 'App\\Models\\SubSubIndikator', 33),
(623, 3, 4, 'App\\Models\\SubSubIndikator', 34),
(624, 3, 1, 'App\\Models\\SubSubIndikator', 35),
(625, 3, 17, 'App\\Models\\SubSubIndikator', 36),
(626, 3, 29, 'App\\Models\\SubSubIndikator', 37),
(627, 3, 3, 'App\\Models\\SubSubIndikator', 38),
(628, 3, 0, 'App\\Models\\SubSubIndikator', 39),
(629, 3, 16, 'App\\Models\\SubSubIndikator', 40),
(630, 3, 27, 'App\\Models\\SubSubIndikator', 41),
(631, 3, 6, 'App\\Models\\SubSubIndikator', 42),
(632, 3, 0, 'App\\Models\\SubSubIndikator', 43),
(633, 3, 16, 'App\\Models\\SubSubIndikator', 72),
(634, 3, 29, 'App\\Models\\SubSubIndikator', 73),
(635, 3, 4, 'App\\Models\\SubSubIndikator', 74),
(636, 3, 0, 'App\\Models\\SubSubIndikator', 75),
(637, 3, 15, 'App\\Models\\SubSubIndikator', 44),
(638, 3, 30, 'App\\Models\\SubSubIndikator', 45),
(639, 3, 4, 'App\\Models\\SubSubIndikator', 46),
(640, 3, 0, 'App\\Models\\SubSubIndikator', 47),
(641, 3, 18, 'App\\Models\\SubSubIndikator', 76),
(642, 3, 27, 'App\\Models\\SubSubIndikator', 77),
(643, 3, 4, 'App\\Models\\SubSubIndikator', 78),
(644, 3, 0, 'App\\Models\\SubSubIndikator', 79),
(645, 3, 17, 'App\\Models\\SubSubIndikator', 48),
(646, 3, 29, 'App\\Models\\SubSubIndikator', 49),
(647, 3, 2, 'App\\Models\\SubSubIndikator', 50),
(648, 3, 1, 'App\\Models\\SubSubIndikator', 51),
(649, 3, 17, 'App\\Models\\SubSubIndikator', 52),
(650, 3, 29, 'App\\Models\\SubSubIndikator', 53),
(651, 3, 4, 'App\\Models\\SubSubIndikator', 54),
(652, 3, 0, 'App\\Models\\SubSubIndikator', 55),
(653, 3, 18, 'App\\Models\\SubSubIndikator', 56),
(654, 3, 29, 'App\\Models\\SubSubIndikator', 57),
(655, 3, 3, 'App\\Models\\SubSubIndikator', 58),
(656, 3, 0, 'App\\Models\\SubSubIndikator', 59),
(657, 3, 16, 'App\\Models\\SubSubIndikator', 60),
(658, 3, 31, 'App\\Models\\SubSubIndikator', 61),
(659, 3, 2, 'App\\Models\\SubSubIndikator', 62),
(660, 3, 1, 'App\\Models\\SubSubIndikator', 63),
(661, 3, 15, 'App\\Models\\SubSubIndikator', 64),
(662, 3, 31, 'App\\Models\\SubSubIndikator', 65),
(663, 3, 4, 'App\\Models\\SubSubIndikator', 66),
(664, 3, 0, 'App\\Models\\SubSubIndikator', 67),
(665, 3, 19, 'App\\Models\\SubSubIndikator', 68),
(666, 3, 28, 'App\\Models\\SubSubIndikator', 69),
(667, 3, 3, 'App\\Models\\SubSubIndikator', 70),
(668, 3, 0, 'App\\Models\\SubSubIndikator', 71),
(669, 3, 17, 'App\\Models\\SubSubIndikator', 80),
(670, 3, 31, 'App\\Models\\SubSubIndikator', 81),
(671, 3, 1, 'App\\Models\\SubSubIndikator', 82),
(672, 3, 1, 'App\\Models\\SubSubIndikator', 83),
(673, 3, 22, 'App\\Models\\SubSubIndikator', 84),
(674, 3, 25, 'App\\Models\\SubSubIndikator', 85),
(675, 3, 3, 'App\\Models\\SubSubIndikator', 86),
(676, 3, 0, 'App\\Models\\SubSubIndikator', 87),
(677, 3, 19, 'App\\Models\\SubSubIndikator', 88),
(678, 3, 27, 'App\\Models\\SubSubIndikator', 89),
(679, 3, 4, 'App\\Models\\SubSubIndikator', 90),
(680, 3, 0, 'App\\Models\\SubSubIndikator', 91),
(681, 3, 21, 'App\\Models\\SubSubIndikator', 93),
(682, 3, 27, 'App\\Models\\SubSubIndikator', 94),
(683, 3, 2, 'App\\Models\\SubSubIndikator', 95),
(684, 3, 0, 'App\\Models\\SubSubIndikator', 96),
(685, 9, 6, 'App\\Models\\Indikator', 9),
(686, 9, 3, 'App\\Models\\Indikator', 13),
(687, 9, 2, 'App\\Models\\Indikator', 2),
(688, 9, 0, 'App\\Models\\Indikator', 3),
(689, 9, 0, 'App\\Models\\SubIndikator', 1),
(690, 9, 0, 'App\\Models\\SubIndikator', 2),
(691, 9, 0, 'App\\Models\\SubIndikator', 3),
(692, 9, 0, 'App\\Models\\SubIndikator', 4),
(693, 9, 0, 'App\\Models\\SubIndikator', 5),
(694, 9, 0, 'App\\Models\\SubIndikator', 6),
(695, 9, 0, 'App\\Models\\SubIndikator', 7),
(696, 9, 0, 'App\\Models\\SubIndikator', 8),
(697, 9, 0, 'App\\Models\\SubIndikator', 9),
(698, 9, 1, 'App\\Models\\SubIndikator', 10),
(699, 9, 0, 'App\\Models\\SubIndikator', 11),
(700, 9, 18, 'App\\Models\\SubIndikator', 14),
(701, 9, 2, 'App\\Models\\SubIndikator', 15),
(702, 9, 2, 'App\\Models\\SubIndikator', 16),
(703, 9, 0, 'App\\Models\\SubIndikator', 17),
(704, 9, 0, 'App\\Models\\SubIndikator', 18),
(705, 9, 0, 'App\\Models\\SubIndikator', 19),
(706, 9, 0, 'App\\Models\\SubIndikator', 20),
(707, 9, 0, 'App\\Models\\SubIndikator', 21),
(708, 9, 0, 'App\\Models\\SubIndikator', 22),
(709, 9, 0, 'App\\Models\\SubIndikator', 23),
(710, 9, 0, 'App\\Models\\SubIndikator', 24),
(711, 9, 18, 'App\\Models\\SubSubIndikator', 1),
(712, 9, 26, 'App\\Models\\SubSubIndikator', 2),
(713, 9, 6, 'App\\Models\\SubSubIndikator', 3),
(714, 9, 0, 'App\\Models\\SubSubIndikator', 4),
(715, 9, 17, 'App\\Models\\SubSubIndikator', 11),
(716, 9, 28, 'App\\Models\\SubSubIndikator', 13),
(717, 9, 4, 'App\\Models\\SubSubIndikator', 14),
(718, 9, 1, 'App\\Models\\SubSubIndikator', 15),
(719, 9, 19, 'App\\Models\\SubSubIndikator', 16),
(720, 9, 24, 'App\\Models\\SubSubIndikator', 17),
(721, 9, 7, 'App\\Models\\SubSubIndikator', 18),
(722, 9, 0, 'App\\Models\\SubSubIndikator', 19),
(723, 9, 18, 'App\\Models\\SubSubIndikator', 20),
(724, 9, 26, 'App\\Models\\SubSubIndikator', 21),
(725, 9, 6, 'App\\Models\\SubSubIndikator', 22),
(726, 9, 0, 'App\\Models\\SubSubIndikator', 23),
(727, 9, 19, 'App\\Models\\SubSubIndikator', 24),
(728, 9, 25, 'App\\Models\\SubSubIndikator', 25),
(729, 9, 5, 'App\\Models\\SubSubIndikator', 26),
(730, 9, 1, 'App\\Models\\SubSubIndikator', 27),
(731, 9, 21, 'App\\Models\\SubSubIndikator', 28),
(732, 9, 27, 'App\\Models\\SubSubIndikator', 29),
(733, 9, 1, 'App\\Models\\SubSubIndikator', 30),
(734, 9, 11, 'App\\Models\\SubSubIndikator', 31),
(735, 9, 17, 'App\\Models\\SubSubIndikator', 32),
(736, 9, 28, 'App\\Models\\SubSubIndikator', 33),
(737, 9, 3, 'App\\Models\\SubSubIndikator', 34),
(738, 9, 2, 'App\\Models\\SubSubIndikator', 35),
(739, 9, 15, 'App\\Models\\SubSubIndikator', 36),
(740, 9, 27, 'App\\Models\\SubSubIndikator', 37),
(741, 9, 7, 'App\\Models\\SubSubIndikator', 38),
(742, 9, 1, 'App\\Models\\SubSubIndikator', 39),
(743, 9, 16, 'App\\Models\\SubSubIndikator', 40),
(744, 9, 28, 'App\\Models\\SubSubIndikator', 41),
(745, 9, 6, 'App\\Models\\SubSubIndikator', 42),
(746, 9, 0, 'App\\Models\\SubSubIndikator', 43),
(747, 9, 15, 'App\\Models\\SubSubIndikator', 72),
(748, 9, 29, 'App\\Models\\SubSubIndikator', 73),
(749, 9, 5, 'App\\Models\\SubSubIndikator', 74),
(750, 9, 1, 'App\\Models\\SubSubIndikator', 75),
(751, 9, 17, 'App\\Models\\SubSubIndikator', 44),
(752, 9, 28, 'App\\Models\\SubSubIndikator', 45),
(753, 9, 4, 'App\\Models\\SubSubIndikator', 46),
(754, 9, 1, 'App\\Models\\SubSubIndikator', 47),
(755, 9, 15, 'App\\Models\\SubSubIndikator', 76),
(756, 9, 29, 'App\\Models\\SubSubIndikator', 77),
(757, 9, 5, 'App\\Models\\SubSubIndikator', 78),
(758, 9, 1, 'App\\Models\\SubSubIndikator', 79),
(759, 9, 16, 'App\\Models\\SubSubIndikator', 48),
(760, 9, 28, 'App\\Models\\SubSubIndikator', 49),
(761, 9, 5, 'App\\Models\\SubSubIndikator', 50),
(762, 9, 1, 'App\\Models\\SubSubIndikator', 51),
(763, 9, 15, 'App\\Models\\SubSubIndikator', 52),
(764, 9, 29, 'App\\Models\\SubSubIndikator', 53),
(765, 9, 6, 'App\\Models\\SubSubIndikator', 54),
(766, 9, 0, 'App\\Models\\SubSubIndikator', 55),
(767, 9, 14, 'App\\Models\\SubSubIndikator', 56),
(768, 9, 31, 'App\\Models\\SubSubIndikator', 57),
(769, 9, 4, 'App\\Models\\SubSubIndikator', 58),
(770, 9, 1, 'App\\Models\\SubSubIndikator', 59),
(771, 9, 18, 'App\\Models\\SubSubIndikator', 60),
(772, 9, 28, 'App\\Models\\SubSubIndikator', 61),
(773, 9, 3, 'App\\Models\\SubSubIndikator', 62),
(774, 9, 1, 'App\\Models\\SubSubIndikator', 63),
(775, 9, 18, 'App\\Models\\SubSubIndikator', 64),
(776, 9, 283, 'App\\Models\\SubSubIndikator', 65),
(777, 9, 3, 'App\\Models\\SubSubIndikator', 66),
(778, 9, 1, 'App\\Models\\SubSubIndikator', 67),
(779, 9, 19, 'App\\Models\\SubSubIndikator', 68),
(780, 9, 26, 'App\\Models\\SubSubIndikator', 69),
(781, 9, 5, 'App\\Models\\SubSubIndikator', 70),
(782, 9, 0, 'App\\Models\\SubSubIndikator', 71),
(783, 9, 15, 'App\\Models\\SubSubIndikator', 80),
(784, 9, 29, 'App\\Models\\SubSubIndikator', 81),
(785, 9, 4, 'App\\Models\\SubSubIndikator', 82),
(786, 9, 2, 'App\\Models\\SubSubIndikator', 83),
(787, 9, 16, 'App\\Models\\SubSubIndikator', 84),
(788, 9, 30, 'App\\Models\\SubSubIndikator', 85),
(789, 9, 3, 'App\\Models\\SubSubIndikator', 86),
(790, 9, 1, 'App\\Models\\SubSubIndikator', 87),
(791, 9, 19, 'App\\Models\\SubSubIndikator', 88),
(792, 9, 26, 'App\\Models\\SubSubIndikator', 89),
(793, 9, 4, 'App\\Models\\SubSubIndikator', 90),
(794, 9, 1, 'App\\Models\\SubSubIndikator', 91),
(795, 9, 16, 'App\\Models\\SubSubIndikator', 93),
(796, 9, 29, 'App\\Models\\SubSubIndikator', 94),
(797, 9, 5, 'App\\Models\\SubSubIndikator', 95),
(798, 9, 0, 'App\\Models\\SubSubIndikator', 96),
(799, 4, 12, 'App\\Models\\Indikator', 9),
(800, 4, 0, 'App\\Models\\Indikator', 13),
(801, 4, 7, 'App\\Models\\Indikator', 2),
(802, 4, 0, 'App\\Models\\Indikator', 3),
(803, 4, 0, 'App\\Models\\SubIndikator', 1),
(804, 4, 0, 'App\\Models\\SubIndikator', 2),
(805, 4, 0, 'App\\Models\\SubIndikator', 3),
(806, 4, 0, 'App\\Models\\SubIndikator', 4),
(807, 4, 0, 'App\\Models\\SubIndikator', 5),
(808, 4, 0, 'App\\Models\\SubIndikator', 6),
(809, 4, 0, 'App\\Models\\SubIndikator', 7),
(810, 4, 0, 'App\\Models\\SubIndikator', 8),
(811, 4, 1, 'App\\Models\\SubIndikator', 9),
(812, 4, 0, 'App\\Models\\SubIndikator', 10),
(813, 4, 0, 'App\\Models\\SubIndikator', 11),
(814, 4, 9, 'App\\Models\\SubIndikator', 14),
(815, 4, 2, 'App\\Models\\SubIndikator', 15),
(816, 4, 3, 'App\\Models\\SubIndikator', 16),
(817, 4, 0, 'App\\Models\\SubIndikator', 17),
(818, 4, 0, 'App\\Models\\SubIndikator', 18),
(819, 4, 0, 'App\\Models\\SubIndikator', 19),
(820, 4, 0, 'App\\Models\\SubIndikator', 20),
(821, 4, 0, 'App\\Models\\SubIndikator', 21),
(822, 4, 0, 'App\\Models\\SubIndikator', 22),
(823, 4, 0, 'App\\Models\\SubIndikator', 23),
(824, 4, 0, 'App\\Models\\SubIndikator', 24),
(825, 4, 16, 'App\\Models\\SubSubIndikator', 1),
(826, 4, 30, 'App\\Models\\SubSubIndikator', 2),
(827, 4, 4, 'App\\Models\\SubSubIndikator', 3),
(828, 4, 0, 'App\\Models\\SubSubIndikator', 4),
(829, 4, 14, 'App\\Models\\SubSubIndikator', 11),
(830, 4, 29, 'App\\Models\\SubSubIndikator', 13),
(831, 4, 7, 'App\\Models\\SubSubIndikator', 14),
(832, 4, 0, 'App\\Models\\SubSubIndikator', 15),
(833, 4, 16, 'App\\Models\\SubSubIndikator', 16),
(834, 4, 29, 'App\\Models\\SubSubIndikator', 17),
(835, 4, 7, 'App\\Models\\SubSubIndikator', 18),
(836, 4, 0, 'App\\Models\\SubSubIndikator', 19),
(837, 4, 16, 'App\\Models\\SubSubIndikator', 20),
(838, 4, 29, 'App\\Models\\SubSubIndikator', 21),
(839, 4, 4, 'App\\Models\\SubSubIndikator', 22),
(840, 4, 1, 'App\\Models\\SubSubIndikator', 23),
(841, 4, 13, 'App\\Models\\SubSubIndikator', 24),
(842, 4, 26, 'App\\Models\\SubSubIndikator', 25),
(843, 4, 11, 'App\\Models\\SubSubIndikator', 26),
(844, 4, 0, 'App\\Models\\SubSubIndikator', 27),
(845, 4, 14, 'App\\Models\\SubSubIndikator', 28),
(846, 4, 30, 'App\\Models\\SubSubIndikator', 29),
(847, 4, 5, 'App\\Models\\SubSubIndikator', 30),
(848, 4, 1, 'App\\Models\\SubSubIndikator', 31),
(849, 4, 16, 'App\\Models\\SubSubIndikator', 32),
(850, 4, 29, 'App\\Models\\SubSubIndikator', 33),
(851, 4, 4, 'App\\Models\\SubSubIndikator', 34),
(852, 4, 1, 'App\\Models\\SubSubIndikator', 35),
(853, 4, 12, 'App\\Models\\SubSubIndikator', 36),
(854, 4, 34, 'App\\Models\\SubSubIndikator', 37),
(855, 4, 3, 'App\\Models\\SubSubIndikator', 38),
(856, 4, 1, 'App\\Models\\SubSubIndikator', 39),
(857, 4, 16, 'App\\Models\\SubSubIndikator', 40),
(858, 4, 29, 'App\\Models\\SubSubIndikator', 41),
(859, 4, 8, 'App\\Models\\SubSubIndikator', 42),
(860, 4, 1, 'App\\Models\\SubSubIndikator', 43),
(861, 4, 11, 'App\\Models\\SubSubIndikator', 72),
(862, 4, 34, 'App\\Models\\SubSubIndikator', 73),
(863, 4, 5, 'App\\Models\\SubSubIndikator', 74),
(864, 4, 0, 'App\\Models\\SubSubIndikator', 75),
(865, 4, 12, 'App\\Models\\SubSubIndikator', 44),
(866, 4, 31, 'App\\Models\\SubSubIndikator', 45),
(867, 4, 5, 'App\\Models\\SubSubIndikator', 46),
(868, 4, 2, 'App\\Models\\SubSubIndikator', 47),
(869, 4, 14, 'App\\Models\\SubSubIndikator', 76),
(870, 4, 27, 'App\\Models\\SubSubIndikator', 77),
(871, 4, 8, 'App\\Models\\SubSubIndikator', 78),
(872, 4, 1, 'App\\Models\\SubSubIndikator', 79),
(873, 4, 12, 'App\\Models\\SubSubIndikator', 48),
(874, 4, 32, 'App\\Models\\SubSubIndikator', 49),
(875, 4, 6, 'App\\Models\\SubSubIndikator', 50),
(876, 4, 0, 'App\\Models\\SubSubIndikator', 51),
(877, 4, 12, 'App\\Models\\SubSubIndikator', 52),
(878, 4, 31, 'App\\Models\\SubSubIndikator', 53),
(879, 4, 6, 'App\\Models\\SubSubIndikator', 54),
(880, 4, 1, 'App\\Models\\SubSubIndikator', 55),
(881, 4, 13, 'App\\Models\\SubSubIndikator', 56),
(882, 4, 31, 'App\\Models\\SubSubIndikator', 57),
(883, 4, 5, 'App\\Models\\SubSubIndikator', 58),
(884, 4, 1, 'App\\Models\\SubSubIndikator', 59),
(885, 4, 14, 'App\\Models\\SubSubIndikator', 60),
(886, 4, 31, 'App\\Models\\SubSubIndikator', 61),
(887, 4, 4, 'App\\Models\\SubSubIndikator', 62),
(888, 4, 1, 'App\\Models\\SubSubIndikator', 63),
(889, 4, 13, 'App\\Models\\SubSubIndikator', 64),
(890, 4, 33, 'App\\Models\\SubSubIndikator', 65),
(891, 4, 3, 'App\\Models\\SubSubIndikator', 66),
(892, 4, 1, 'App\\Models\\SubSubIndikator', 67),
(893, 4, 14, 'App\\Models\\SubSubIndikator', 68),
(894, 4, 30, 'App\\Models\\SubSubIndikator', 69),
(895, 4, 4, 'App\\Models\\SubSubIndikator', 70),
(896, 4, 2, 'App\\Models\\SubSubIndikator', 71),
(897, 4, 13, 'App\\Models\\SubSubIndikator', 80),
(898, 4, 33, 'App\\Models\\SubSubIndikator', 81),
(899, 4, 3, 'App\\Models\\SubSubIndikator', 82),
(900, 4, 1, 'App\\Models\\SubSubIndikator', 83),
(901, 4, 13, 'App\\Models\\SubSubIndikator', 84),
(902, 4, 30, 'App\\Models\\SubSubIndikator', 85),
(903, 4, 6, 'App\\Models\\SubSubIndikator', 86),
(904, 4, 1, 'App\\Models\\SubSubIndikator', 87),
(905, 4, 14, 'App\\Models\\SubSubIndikator', 88),
(906, 4, 29, 'App\\Models\\SubSubIndikator', 89),
(907, 4, 6, 'App\\Models\\SubSubIndikator', 90),
(908, 4, 1, 'App\\Models\\SubSubIndikator', 91),
(909, 4, 14, 'App\\Models\\SubSubIndikator', 93),
(910, 4, 33, 'App\\Models\\SubSubIndikator', 94),
(911, 4, 3, 'App\\Models\\SubSubIndikator', 95),
(912, 4, 0, 'App\\Models\\SubSubIndikator', 96),
(913, 2, 6, 'App\\Models\\Indikator', 9),
(914, 2, 4, 'App\\Models\\Indikator', 13),
(915, 2, 2, 'App\\Models\\Indikator', 2),
(916, 2, 0, 'App\\Models\\Indikator', 3),
(917, 2, 0, 'App\\Models\\SubIndikator', 1),
(918, 2, 0, 'App\\Models\\SubIndikator', 2),
(919, 2, 0, 'App\\Models\\SubIndikator', 3),
(920, 2, 0, 'App\\Models\\SubIndikator', 4),
(921, 2, 0, 'App\\Models\\SubIndikator', 5),
(922, 2, 0, 'App\\Models\\SubIndikator', 6),
(923, 2, 0, 'App\\Models\\SubIndikator', 7),
(924, 2, 0, 'App\\Models\\SubIndikator', 8),
(925, 2, 0, 'App\\Models\\SubIndikator', 9),
(926, 2, 1, 'App\\Models\\SubIndikator', 10),
(927, 2, 0, 'App\\Models\\SubIndikator', 11),
(928, 2, 20, 'App\\Models\\SubIndikator', 14),
(929, 2, 0, 'App\\Models\\SubIndikator', 15),
(930, 2, 0, 'App\\Models\\SubIndikator', 16),
(931, 2, 0, 'App\\Models\\SubIndikator', 17),
(932, 2, 0, 'App\\Models\\SubIndikator', 18),
(933, 2, 0, 'App\\Models\\SubIndikator', 19),
(934, 2, 0, 'App\\Models\\SubIndikator', 20),
(935, 2, 0, 'App\\Models\\SubIndikator', 21),
(936, 2, 0, 'App\\Models\\SubIndikator', 22),
(937, 2, 0, 'App\\Models\\SubIndikator', 23),
(938, 2, 0, 'App\\Models\\SubIndikator', 24),
(939, 2, 21, 'App\\Models\\SubSubIndikator', 1),
(940, 2, 24, 'App\\Models\\SubSubIndikator', 2),
(941, 2, 4, 'App\\Models\\SubSubIndikator', 3),
(942, 2, 1, 'App\\Models\\SubSubIndikator', 4),
(943, 2, 19, 'App\\Models\\SubSubIndikator', 11),
(944, 2, 24, 'App\\Models\\SubSubIndikator', 13),
(945, 2, 6, 'App\\Models\\SubSubIndikator', 14),
(946, 2, 1, 'App\\Models\\SubSubIndikator', 15),
(947, 2, 20, 'App\\Models\\SubSubIndikator', 16),
(948, 2, 25, 'App\\Models\\SubSubIndikator', 17),
(949, 2, 4, 'App\\Models\\SubSubIndikator', 18),
(950, 2, 1, 'App\\Models\\SubSubIndikator', 19),
(951, 2, 19, 'App\\Models\\SubSubIndikator', 20),
(952, 2, 23, 'App\\Models\\SubSubIndikator', 21),
(953, 2, 8, 'App\\Models\\SubSubIndikator', 22),
(954, 2, 0, 'App\\Models\\SubSubIndikator', 23),
(955, 2, 19, 'App\\Models\\SubSubIndikator', 24),
(956, 2, 26, 'App\\Models\\SubSubIndikator', 25),
(957, 2, 5, 'App\\Models\\SubSubIndikator', 26),
(958, 2, 0, 'App\\Models\\SubSubIndikator', 27),
(959, 2, 20, 'App\\Models\\SubSubIndikator', 28),
(960, 2, 27, 'App\\Models\\SubSubIndikator', 29),
(961, 2, 2, 'App\\Models\\SubSubIndikator', 30),
(962, 2, 1, 'App\\Models\\SubSubIndikator', 31),
(963, 2, 18, 'App\\Models\\SubSubIndikator', 32),
(964, 2, 30, 'App\\Models\\SubSubIndikator', 33),
(965, 2, 2, 'App\\Models\\SubSubIndikator', 34),
(966, 2, 0, 'App\\Models\\SubSubIndikator', 35),
(967, 2, 15, 'App\\Models\\SubSubIndikator', 36),
(968, 2, 29, 'App\\Models\\SubSubIndikator', 37),
(969, 2, 5, 'App\\Models\\SubSubIndikator', 38),
(970, 2, 1, 'App\\Models\\SubSubIndikator', 39),
(971, 2, 16, 'App\\Models\\SubSubIndikator', 40),
(972, 2, 31, 'App\\Models\\SubSubIndikator', 41),
(973, 2, 2, 'App\\Models\\SubSubIndikator', 42),
(974, 2, 1, 'App\\Models\\SubSubIndikator', 43),
(975, 2, 14, 'App\\Models\\SubSubIndikator', 72),
(976, 2, 29, 'App\\Models\\SubSubIndikator', 73),
(977, 2, 6, 'App\\Models\\SubSubIndikator', 74),
(978, 2, 1, 'App\\Models\\SubSubIndikator', 75),
(979, 2, 15, 'App\\Models\\SubSubIndikator', 44),
(980, 2, 29, 'App\\Models\\SubSubIndikator', 45),
(981, 2, 5, 'App\\Models\\SubSubIndikator', 46),
(982, 2, 1, 'App\\Models\\SubSubIndikator', 47),
(983, 2, 13, 'App\\Models\\SubSubIndikator', 76),
(984, 2, 31, 'App\\Models\\SubSubIndikator', 77),
(985, 2, 5, 'App\\Models\\SubSubIndikator', 78),
(986, 2, 1, 'App\\Models\\SubSubIndikator', 79),
(987, 2, 18, 'App\\Models\\SubSubIndikator', 48),
(988, 2, 28, 'App\\Models\\SubSubIndikator', 49),
(989, 2, 4, 'App\\Models\\SubSubIndikator', 50),
(990, 2, 0, 'App\\Models\\SubSubIndikator', 51),
(991, 2, 17, 'App\\Models\\SubSubIndikator', 52),
(992, 2, 29, 'App\\Models\\SubSubIndikator', 53),
(993, 2, 3, 'App\\Models\\SubSubIndikator', 54),
(994, 2, 1, 'App\\Models\\SubSubIndikator', 55),
(995, 2, 16, 'App\\Models\\SubSubIndikator', 56),
(996, 2, 30, 'App\\Models\\SubSubIndikator', 57),
(997, 2, 4, 'App\\Models\\SubSubIndikator', 58),
(998, 2, 0, 'App\\Models\\SubSubIndikator', 59),
(999, 2, 14, 'App\\Models\\SubSubIndikator', 60),
(1000, 2, 32, 'App\\Models\\SubSubIndikator', 61),
(1001, 2, 3, 'App\\Models\\SubSubIndikator', 62),
(1002, 2, 1, 'App\\Models\\SubSubIndikator', 63),
(1003, 2, 16, 'App\\Models\\SubSubIndikator', 64),
(1004, 2, 30, 'App\\Models\\SubSubIndikator', 65),
(1005, 2, 3, 'App\\Models\\SubSubIndikator', 66),
(1006, 2, 1, 'App\\Models\\SubSubIndikator', 67),
(1007, 2, 14, 'App\\Models\\SubSubIndikator', 68),
(1008, 2, 30, 'App\\Models\\SubSubIndikator', 69),
(1009, 2, 6, 'App\\Models\\SubSubIndikator', 70),
(1010, 2, 0, 'App\\Models\\SubSubIndikator', 71),
(1011, 2, 12, 'App\\Models\\SubSubIndikator', 80),
(1012, 2, 32, 'App\\Models\\SubSubIndikator', 81),
(1013, 2, 6, 'App\\Models\\SubSubIndikator', 82),
(1014, 2, 0, 'App\\Models\\SubSubIndikator', 83),
(1015, 2, 13, 'App\\Models\\SubSubIndikator', 84),
(1016, 2, 30, 'App\\Models\\SubSubIndikator', 85),
(1017, 2, 6, 'App\\Models\\SubSubIndikator', 86),
(1018, 2, 1, 'App\\Models\\SubSubIndikator', 87),
(1019, 2, 13, 'App\\Models\\SubSubIndikator', 88),
(1020, 2, 35, 'App\\Models\\SubSubIndikator', 89),
(1021, 2, 1, 'App\\Models\\SubSubIndikator', 90),
(1022, 2, 1, 'App\\Models\\SubSubIndikator', 91),
(1023, 2, 17, 'App\\Models\\SubSubIndikator', 93),
(1024, 2, 29, 'App\\Models\\SubSubIndikator', 94),
(1025, 2, 3, 'App\\Models\\SubSubIndikator', 95),
(1026, 2, 1, 'App\\Models\\SubSubIndikator', 96),
(1027, 10, 0, 'App\\Models\\Indikator', 9),
(1028, 10, 5, 'App\\Models\\Indikator', 13),
(1029, 10, 2, 'App\\Models\\Indikator', 2),
(1030, 10, 0, 'App\\Models\\Indikator', 3),
(1031, 10, 0, 'App\\Models\\SubIndikator', 1),
(1032, 10, 0, 'App\\Models\\SubIndikator', 2),
(1033, 10, 0, 'App\\Models\\SubIndikator', 3),
(1034, 10, 0, 'App\\Models\\SubIndikator', 4),
(1035, 10, 0, 'App\\Models\\SubIndikator', 5),
(1036, 10, 0, 'App\\Models\\SubIndikator', 6),
(1037, 10, 0, 'App\\Models\\SubIndikator', 7),
(1038, 10, 0, 'App\\Models\\SubIndikator', 8),
(1039, 10, 3, 'App\\Models\\SubIndikator', 9),
(1040, 10, 1, 'App\\Models\\SubIndikator', 10),
(1041, 10, 0, 'App\\Models\\SubIndikator', 11),
(1042, 10, 15, 'App\\Models\\SubIndikator', 14),
(1043, 10, 1, 'App\\Models\\SubIndikator', 15),
(1044, 10, 0, 'App\\Models\\SubIndikator', 16),
(1045, 10, 0, 'App\\Models\\SubIndikator', 17),
(1046, 10, 0, 'App\\Models\\SubIndikator', 18),
(1047, 10, 0, 'App\\Models\\SubIndikator', 19),
(1048, 10, 0, 'App\\Models\\SubIndikator', 20),
(1049, 10, 1, 'App\\Models\\SubIndikator', 21),
(1050, 10, 0, 'App\\Models\\SubIndikator', 22),
(1051, 10, 0, 'App\\Models\\SubIndikator', 23),
(1052, 10, 0, 'App\\Models\\SubIndikator', 24),
(1053, 10, 19, 'App\\Models\\SubSubIndikator', 1),
(1054, 10, 27, 'App\\Models\\SubSubIndikator', 2),
(1055, 10, 4, 'App\\Models\\SubSubIndikator', 3),
(1056, 10, 0, 'App\\Models\\SubSubIndikator', 4),
(1057, 10, 19, 'App\\Models\\SubSubIndikator', 11),
(1058, 10, 26, 'App\\Models\\SubSubIndikator', 13),
(1059, 10, 5, 'App\\Models\\SubSubIndikator', 14),
(1060, 10, 0, 'App\\Models\\SubSubIndikator', 15),
(1061, 10, 19, 'App\\Models\\SubSubIndikator', 16),
(1062, 10, 27, 'App\\Models\\SubSubIndikator', 17),
(1063, 10, 3, 'App\\Models\\SubSubIndikator', 18),
(1064, 10, 1, 'App\\Models\\SubSubIndikator', 19),
(1065, 10, 18, 'App\\Models\\SubSubIndikator', 20),
(1066, 10, 26, 'App\\Models\\SubSubIndikator', 21),
(1067, 10, 5, 'App\\Models\\SubSubIndikator', 22),
(1068, 10, 1, 'App\\Models\\SubSubIndikator', 23),
(1069, 10, 15, 'App\\Models\\SubSubIndikator', 24),
(1070, 10, 26, 'App\\Models\\SubSubIndikator', 25),
(1071, 10, 8, 'App\\Models\\SubSubIndikator', 26),
(1072, 10, 1, 'App\\Models\\SubSubIndikator', 27),
(1073, 10, 20, 'App\\Models\\SubSubIndikator', 28),
(1074, 10, 25, 'App\\Models\\SubSubIndikator', 29),
(1075, 10, 5, 'App\\Models\\SubSubIndikator', 30);
INSERT INTO `penilaian` (`id`, `dosen_id`, `nilai`, `penilaian_type`, `penilaian_id`) VALUES
(1076, 10, 0, 'App\\Models\\SubSubIndikator', 31),
(1077, 10, 19, 'App\\Models\\SubSubIndikator', 32),
(1078, 10, 25, 'App\\Models\\SubSubIndikator', 33),
(1079, 10, 6, 'App\\Models\\SubSubIndikator', 34),
(1080, 10, 0, 'App\\Models\\SubSubIndikator', 35),
(1081, 10, 17, 'App\\Models\\SubSubIndikator', 36),
(1082, 10, 28, 'App\\Models\\SubSubIndikator', 37),
(1083, 10, 4, 'App\\Models\\SubSubIndikator', 38),
(1084, 10, 1, 'App\\Models\\SubSubIndikator', 39),
(1085, 10, 17, 'App\\Models\\SubSubIndikator', 40),
(1086, 10, 26, 'App\\Models\\SubSubIndikator', 41),
(1087, 10, 7, 'App\\Models\\SubSubIndikator', 42),
(1088, 10, 0, 'App\\Models\\SubSubIndikator', 43),
(1089, 10, 17, 'App\\Models\\SubSubIndikator', 72),
(1090, 10, 28, 'App\\Models\\SubSubIndikator', 73),
(1091, 10, 5, 'App\\Models\\SubSubIndikator', 74),
(1092, 10, 0, 'App\\Models\\SubSubIndikator', 75),
(1093, 10, 16, 'App\\Models\\SubSubIndikator', 44),
(1094, 10, 28, 'App\\Models\\SubSubIndikator', 45),
(1095, 10, 5, 'App\\Models\\SubSubIndikator', 46),
(1096, 10, 1, 'App\\Models\\SubSubIndikator', 47),
(1097, 10, 16, 'App\\Models\\SubSubIndikator', 76),
(1098, 10, 29, 'App\\Models\\SubSubIndikator', 77),
(1099, 10, 3, 'App\\Models\\SubSubIndikator', 78),
(1100, 10, 2, 'App\\Models\\SubSubIndikator', 79),
(1101, 10, 18, 'App\\Models\\SubSubIndikator', 48),
(1102, 10, 27, 'App\\Models\\SubSubIndikator', 49),
(1103, 10, 4, 'App\\Models\\SubSubIndikator', 50),
(1104, 10, 1, 'App\\Models\\SubSubIndikator', 51),
(1105, 10, 18, 'App\\Models\\SubSubIndikator', 52),
(1106, 10, 26, 'App\\Models\\SubSubIndikator', 53),
(1107, 10, 6, 'App\\Models\\SubSubIndikator', 54),
(1108, 10, 0, 'App\\Models\\SubSubIndikator', 55),
(1109, 10, 19, 'App\\Models\\SubSubIndikator', 56),
(1110, 10, 26, 'App\\Models\\SubSubIndikator', 57),
(1111, 10, 4, 'App\\Models\\SubSubIndikator', 58),
(1112, 10, 1, 'App\\Models\\SubSubIndikator', 59),
(1113, 10, 20, 'App\\Models\\SubSubIndikator', 60),
(1114, 10, 22, 'App\\Models\\SubSubIndikator', 61),
(1115, 10, 7, 'App\\Models\\SubSubIndikator', 62),
(1116, 10, 1, 'App\\Models\\SubSubIndikator', 63),
(1117, 10, 19, 'App\\Models\\SubSubIndikator', 64),
(1118, 10, 26, 'App\\Models\\SubSubIndikator', 65),
(1119, 10, 4, 'App\\Models\\SubSubIndikator', 66),
(1120, 10, 1, 'App\\Models\\SubSubIndikator', 67),
(1121, 10, 20, 'App\\Models\\SubSubIndikator', 68),
(1122, 10, 25, 'App\\Models\\SubSubIndikator', 69),
(1123, 10, 4, 'App\\Models\\SubSubIndikator', 70),
(1124, 10, 1, 'App\\Models\\SubSubIndikator', 71),
(1125, 10, 16, 'App\\Models\\SubSubIndikator', 80),
(1126, 10, 28, 'App\\Models\\SubSubIndikator', 81),
(1127, 10, 6, 'App\\Models\\SubSubIndikator', 82),
(1128, 10, 0, 'App\\Models\\SubSubIndikator', 83),
(1129, 10, 20, 'App\\Models\\SubSubIndikator', 84),
(1130, 10, 24, 'App\\Models\\SubSubIndikator', 85),
(1131, 10, 5, 'App\\Models\\SubSubIndikator', 86),
(1132, 10, 1, 'App\\Models\\SubSubIndikator', 87),
(1133, 10, 16, 'App\\Models\\SubSubIndikator', 88),
(1134, 10, 30, 'App\\Models\\SubSubIndikator', 89),
(1135, 10, 3, 'App\\Models\\SubSubIndikator', 90),
(1136, 10, 1, 'App\\Models\\SubSubIndikator', 91),
(1137, 10, 19, 'App\\Models\\SubSubIndikator', 93),
(1138, 10, 29, 'App\\Models\\SubSubIndikator', 94),
(1139, 10, 1, 'App\\Models\\SubSubIndikator', 95),
(1140, 10, 1, 'App\\Models\\SubSubIndikator', 96),
(1141, 12, 0, 'App\\Models\\Indikator', 9),
(1142, 12, 4, 'App\\Models\\Indikator', 13),
(1143, 12, 1, 'App\\Models\\Indikator', 2),
(1144, 12, 0, 'App\\Models\\Indikator', 3),
(1145, 12, 0, 'App\\Models\\SubIndikator', 1),
(1146, 12, 0, 'App\\Models\\SubIndikator', 2),
(1147, 12, 0, 'App\\Models\\SubIndikator', 3),
(1148, 12, 0, 'App\\Models\\SubIndikator', 4),
(1149, 12, 0, 'App\\Models\\SubIndikator', 5),
(1150, 12, 0, 'App\\Models\\SubIndikator', 6),
(1151, 12, 0, 'App\\Models\\SubIndikator', 7),
(1152, 12, 0, 'App\\Models\\SubIndikator', 8),
(1153, 12, 0, 'App\\Models\\SubIndikator', 9),
(1154, 12, 1, 'App\\Models\\SubIndikator', 10),
(1155, 12, 0, 'App\\Models\\SubIndikator', 11),
(1156, 12, 19, 'App\\Models\\SubIndikator', 14),
(1157, 12, 0, 'App\\Models\\SubIndikator', 15),
(1158, 12, 0, 'App\\Models\\SubIndikator', 16),
(1159, 12, 0, 'App\\Models\\SubIndikator', 17),
(1160, 12, 0, 'App\\Models\\SubIndikator', 18),
(1161, 12, 0, 'App\\Models\\SubIndikator', 19),
(1162, 12, 0, 'App\\Models\\SubIndikator', 20),
(1163, 12, 0, 'App\\Models\\SubIndikator', 21),
(1164, 12, 0, 'App\\Models\\SubIndikator', 22),
(1165, 12, 0, 'App\\Models\\SubIndikator', 23),
(1166, 12, 0, 'App\\Models\\SubIndikator', 24),
(1167, 12, 26, 'App\\Models\\SubSubIndikator', 1),
(1168, 12, 19, 'App\\Models\\SubSubIndikator', 2),
(1169, 12, 5, 'App\\Models\\SubSubIndikator', 3),
(1170, 12, 0, 'App\\Models\\SubSubIndikator', 4),
(1171, 12, 21, 'App\\Models\\SubSubIndikator', 11),
(1172, 12, 27, 'App\\Models\\SubSubIndikator', 13),
(1173, 12, 1, 'App\\Models\\SubSubIndikator', 14),
(1174, 12, 1, 'App\\Models\\SubSubIndikator', 15),
(1175, 12, 24, 'App\\Models\\SubSubIndikator', 16),
(1176, 12, 23, 'App\\Models\\SubSubIndikator', 17),
(1177, 12, 3, 'App\\Models\\SubSubIndikator', 18),
(1178, 12, 0, 'App\\Models\\SubSubIndikator', 19),
(1179, 12, 24, 'App\\Models\\SubSubIndikator', 20),
(1180, 12, 23, 'App\\Models\\SubSubIndikator', 21),
(1181, 12, 3, 'App\\Models\\SubSubIndikator', 22),
(1182, 12, 0, 'App\\Models\\SubSubIndikator', 23),
(1183, 12, 21, 'App\\Models\\SubSubIndikator', 24),
(1184, 12, 24, 'App\\Models\\SubSubIndikator', 25),
(1185, 12, 4, 'App\\Models\\SubSubIndikator', 26),
(1186, 12, 11, 'App\\Models\\SubSubIndikator', 27),
(1187, 12, 26, 'App\\Models\\SubSubIndikator', 28),
(1188, 12, 21, 'App\\Models\\SubSubIndikator', 29),
(1189, 12, 2, 'App\\Models\\SubSubIndikator', 30),
(1190, 12, 1, 'App\\Models\\SubSubIndikator', 31),
(1191, 12, 20, 'App\\Models\\SubSubIndikator', 32),
(1192, 12, 27, 'App\\Models\\SubSubIndikator', 33),
(1193, 12, 2, 'App\\Models\\SubSubIndikator', 34),
(1194, 12, 1, 'App\\Models\\SubSubIndikator', 35),
(1195, 12, 22, 'App\\Models\\SubSubIndikator', 36),
(1196, 12, 24, 'App\\Models\\SubSubIndikator', 37),
(1197, 12, 3, 'App\\Models\\SubSubIndikator', 38),
(1198, 12, 1, 'App\\Models\\SubSubIndikator', 39),
(1199, 12, 19, 'App\\Models\\SubSubIndikator', 40),
(1200, 12, 28, 'App\\Models\\SubSubIndikator', 41),
(1201, 12, 2, 'App\\Models\\SubSubIndikator', 42),
(1202, 12, 1, 'App\\Models\\SubSubIndikator', 43),
(1203, 12, 21, 'App\\Models\\SubSubIndikator', 72),
(1204, 12, 24, 'App\\Models\\SubSubIndikator', 73),
(1205, 12, 4, 'App\\Models\\SubSubIndikator', 74),
(1206, 12, 1, 'App\\Models\\SubSubIndikator', 75),
(1207, 12, 20, 'App\\Models\\SubSubIndikator', 44),
(1208, 12, 26, 'App\\Models\\SubSubIndikator', 45),
(1209, 12, 4, 'App\\Models\\SubSubIndikator', 46),
(1210, 12, 0, 'App\\Models\\SubSubIndikator', 47),
(1211, 12, 21, 'App\\Models\\SubSubIndikator', 76),
(1212, 12, 25, 'App\\Models\\SubSubIndikator', 77),
(1213, 12, 4, 'App\\Models\\SubSubIndikator', 78),
(1214, 12, 0, 'App\\Models\\SubSubIndikator', 79),
(1215, 12, 22, 'App\\Models\\SubSubIndikator', 48),
(1216, 12, 24, 'App\\Models\\SubSubIndikator', 49),
(1217, 12, 4, 'App\\Models\\SubSubIndikator', 50),
(1218, 12, 0, 'App\\Models\\SubSubIndikator', 51),
(1219, 12, 24, 'App\\Models\\SubSubIndikator', 52),
(1220, 12, 23, 'App\\Models\\SubSubIndikator', 53),
(1221, 12, 3, 'App\\Models\\SubSubIndikator', 54),
(1222, 12, 0, 'App\\Models\\SubSubIndikator', 55),
(1223, 12, 22, 'App\\Models\\SubSubIndikator', 56),
(1224, 12, 25, 'App\\Models\\SubSubIndikator', 57),
(1225, 12, 3, 'App\\Models\\SubSubIndikator', 58),
(1226, 12, 0, 'App\\Models\\SubSubIndikator', 59),
(1227, 12, 23, 'App\\Models\\SubSubIndikator', 60),
(1228, 12, 23, 'App\\Models\\SubSubIndikator', 61),
(1229, 12, 4, 'App\\Models\\SubSubIndikator', 62),
(1230, 12, 0, 'App\\Models\\SubSubIndikator', 63),
(1231, 12, 21, 'App\\Models\\SubSubIndikator', 64),
(1232, 12, 24, 'App\\Models\\SubSubIndikator', 65),
(1233, 12, 5, 'App\\Models\\SubSubIndikator', 66),
(1234, 12, 0, 'App\\Models\\SubSubIndikator', 67),
(1235, 12, 21, 'App\\Models\\SubSubIndikator', 68),
(1236, 12, 25, 'App\\Models\\SubSubIndikator', 69),
(1237, 12, 3, 'App\\Models\\SubSubIndikator', 70),
(1238, 12, 1, 'App\\Models\\SubSubIndikator', 71),
(1239, 12, 21, 'App\\Models\\SubSubIndikator', 80),
(1240, 12, 27, 'App\\Models\\SubSubIndikator', 81),
(1241, 12, 2, 'App\\Models\\SubSubIndikator', 82),
(1242, 12, 0, 'App\\Models\\SubSubIndikator', 83),
(1243, 12, 20, 'App\\Models\\SubSubIndikator', 84),
(1244, 12, 25, 'App\\Models\\SubSubIndikator', 85),
(1245, 12, 5, 'App\\Models\\SubSubIndikator', 86),
(1246, 12, 0, 'App\\Models\\SubSubIndikator', 87),
(1247, 12, 22, 'App\\Models\\SubSubIndikator', 88),
(1248, 12, 26, 'App\\Models\\SubSubIndikator', 89),
(1249, 12, 2, 'App\\Models\\SubSubIndikator', 90),
(1250, 12, 0, 'App\\Models\\SubSubIndikator', 91),
(1251, 12, 24, 'App\\Models\\SubSubIndikator', 93),
(1252, 12, 25, 'App\\Models\\SubSubIndikator', 94),
(1253, 12, 1, 'App\\Models\\SubSubIndikator', 95),
(1254, 12, 0, 'App\\Models\\SubSubIndikator', 96),
(1255, 13, 0, 'App\\Models\\Indikator', 9),
(1256, 13, 3, 'App\\Models\\Indikator', 13),
(1257, 13, 0, 'App\\Models\\Indikator', 2),
(1258, 13, 0, 'App\\Models\\Indikator', 3),
(1259, 13, 0, 'App\\Models\\SubIndikator', 1),
(1260, 13, 0, 'App\\Models\\SubIndikator', 2),
(1261, 13, 0, 'App\\Models\\SubIndikator', 3),
(1262, 13, 0, 'App\\Models\\SubIndikator', 4),
(1263, 13, 0, 'App\\Models\\SubIndikator', 5),
(1264, 13, 0, 'App\\Models\\SubIndikator', 6),
(1265, 13, 0, 'App\\Models\\SubIndikator', 7),
(1266, 13, 0, 'App\\Models\\SubIndikator', 8),
(1267, 13, 0, 'App\\Models\\SubIndikator', 9),
(1268, 13, 0, 'App\\Models\\SubIndikator', 10),
(1269, 13, 0, 'App\\Models\\SubIndikator', 11),
(1270, 13, 8, 'App\\Models\\SubIndikator', 14),
(1271, 13, 0, 'App\\Models\\SubIndikator', 15),
(1272, 13, 0, 'App\\Models\\SubIndikator', 16),
(1273, 13, 0, 'App\\Models\\SubIndikator', 17),
(1274, 13, 0, 'App\\Models\\SubIndikator', 18),
(1275, 13, 0, 'App\\Models\\SubIndikator', 19),
(1276, 13, 0, 'App\\Models\\SubIndikator', 20),
(1277, 13, 0, 'App\\Models\\SubIndikator', 21),
(1278, 13, 0, 'App\\Models\\SubIndikator', 22),
(1279, 13, 0, 'App\\Models\\SubIndikator', 23),
(1280, 13, 0, 'App\\Models\\SubIndikator', 24),
(1281, 13, 18, 'App\\Models\\SubSubIndikator', 1),
(1282, 13, 28, 'App\\Models\\SubSubIndikator', 2),
(1283, 13, 4, 'App\\Models\\SubSubIndikator', 3),
(1284, 13, 0, 'App\\Models\\SubSubIndikator', 4),
(1285, 13, 12, 'App\\Models\\SubSubIndikator', 11),
(1286, 13, 30, 'App\\Models\\SubSubIndikator', 13),
(1287, 13, 7, 'App\\Models\\SubSubIndikator', 14),
(1288, 13, 1, 'App\\Models\\SubSubIndikator', 15),
(1289, 13, 17, 'App\\Models\\SubSubIndikator', 16),
(1290, 13, 26, 'App\\Models\\SubSubIndikator', 17),
(1291, 13, 7, 'App\\Models\\SubSubIndikator', 18),
(1292, 13, 0, 'App\\Models\\SubSubIndikator', 19),
(1293, 13, 15, 'App\\Models\\SubSubIndikator', 20),
(1294, 13, 25, 'App\\Models\\SubSubIndikator', 21),
(1295, 13, 9, 'App\\Models\\SubSubIndikator', 22),
(1296, 13, 1, 'App\\Models\\SubSubIndikator', 23),
(1297, 13, 16, 'App\\Models\\SubSubIndikator', 24),
(1298, 13, 25, 'App\\Models\\SubSubIndikator', 25),
(1299, 13, 8, 'App\\Models\\SubSubIndikator', 26),
(1300, 13, 1, 'App\\Models\\SubSubIndikator', 27),
(1301, 13, 15, 'App\\Models\\SubSubIndikator', 28),
(1302, 13, 31, 'App\\Models\\SubSubIndikator', 29),
(1303, 13, 4, 'App\\Models\\SubSubIndikator', 30),
(1304, 13, 0, 'App\\Models\\SubSubIndikator', 31),
(1305, 13, 13, 'App\\Models\\SubSubIndikator', 32),
(1306, 13, 29, 'App\\Models\\SubSubIndikator', 33),
(1307, 13, 8, 'App\\Models\\SubSubIndikator', 34),
(1308, 13, 0, 'App\\Models\\SubSubIndikator', 35),
(1309, 13, 12, 'App\\Models\\SubSubIndikator', 36),
(1310, 13, 31, 'App\\Models\\SubSubIndikator', 37),
(1311, 13, 7, 'App\\Models\\SubSubIndikator', 38),
(1312, 13, 0, 'App\\Models\\SubSubIndikator', 39),
(1313, 13, 11, 'App\\Models\\SubSubIndikator', 40),
(1314, 13, 29, 'App\\Models\\SubSubIndikator', 41),
(1315, 13, 9, 'App\\Models\\SubSubIndikator', 42),
(1316, 13, 1, 'App\\Models\\SubSubIndikator', 43),
(1317, 13, 14, 'App\\Models\\SubSubIndikator', 72),
(1318, 13, 28, 'App\\Models\\SubSubIndikator', 73),
(1319, 13, 7, 'App\\Models\\SubSubIndikator', 74),
(1320, 13, 1, 'App\\Models\\SubSubIndikator', 75),
(1321, 13, 13, 'App\\Models\\SubSubIndikator', 44),
(1322, 13, 30, 'App\\Models\\SubSubIndikator', 45),
(1323, 13, 6, 'App\\Models\\SubSubIndikator', 46),
(1324, 13, 1, 'App\\Models\\SubSubIndikator', 47),
(1325, 13, 12, 'App\\Models\\SubSubIndikator', 76),
(1326, 13, 29, 'App\\Models\\SubSubIndikator', 77),
(1327, 13, 8, 'App\\Models\\SubSubIndikator', 78),
(1328, 13, 1, 'App\\Models\\SubSubIndikator', 79),
(1329, 13, 16, 'App\\Models\\SubSubIndikator', 48),
(1330, 13, 26, 'App\\Models\\SubSubIndikator', 49),
(1331, 13, 7, 'App\\Models\\SubSubIndikator', 50),
(1332, 13, 1, 'App\\Models\\SubSubIndikator', 51),
(1333, 13, 13, 'App\\Models\\SubSubIndikator', 52),
(1334, 13, 27, 'App\\Models\\SubSubIndikator', 53),
(1335, 13, 10, 'App\\Models\\SubSubIndikator', 54),
(1336, 13, 0, 'App\\Models\\SubSubIndikator', 55),
(1337, 13, 13, 'App\\Models\\SubSubIndikator', 56),
(1338, 13, 28, 'App\\Models\\SubSubIndikator', 57),
(1339, 13, 8, 'App\\Models\\SubSubIndikator', 58),
(1340, 13, 1, 'App\\Models\\SubSubIndikator', 59),
(1341, 13, 12, 'App\\Models\\SubSubIndikator', 60),
(1342, 13, 31, 'App\\Models\\SubSubIndikator', 61),
(1343, 13, 7, 'App\\Models\\SubSubIndikator', 62),
(1344, 13, 0, 'App\\Models\\SubSubIndikator', 63),
(1345, 13, 15, 'App\\Models\\SubSubIndikator', 64),
(1346, 13, 30, 'App\\Models\\SubSubIndikator', 65),
(1347, 13, 3, 'App\\Models\\SubSubIndikator', 66),
(1348, 13, 2, 'App\\Models\\SubSubIndikator', 67),
(1349, 13, 12, 'App\\Models\\SubSubIndikator', 68),
(1350, 13, 29, 'App\\Models\\SubSubIndikator', 69),
(1351, 13, 7, 'App\\Models\\SubSubIndikator', 70),
(1352, 13, 2, 'App\\Models\\SubSubIndikator', 71),
(1353, 13, 12, 'App\\Models\\SubSubIndikator', 80),
(1354, 13, 27, 'App\\Models\\SubSubIndikator', 81),
(1355, 13, 11, 'App\\Models\\SubSubIndikator', 82),
(1356, 13, 0, 'App\\Models\\SubSubIndikator', 83),
(1357, 13, 11, 'App\\Models\\SubSubIndikator', 84),
(1358, 13, 30, 'App\\Models\\SubSubIndikator', 85),
(1359, 13, 9, 'App\\Models\\SubSubIndikator', 86),
(1360, 13, 0, 'App\\Models\\SubSubIndikator', 87),
(1361, 13, 14, 'App\\Models\\SubSubIndikator', 88),
(1362, 13, 30, 'App\\Models\\SubSubIndikator', 89),
(1363, 13, 6, 'App\\Models\\SubSubIndikator', 90),
(1364, 13, 0, 'App\\Models\\SubSubIndikator', 91),
(1365, 13, 15, 'App\\Models\\SubSubIndikator', 93),
(1366, 13, 30, 'App\\Models\\SubSubIndikator', 94),
(1367, 13, 5, 'App\\Models\\SubSubIndikator', 95),
(1368, 13, 0, 'App\\Models\\SubSubIndikator', 96),
(1369, 14, 18, 'App\\Models\\SubSubIndikator', 1),
(1370, 14, 27, 'App\\Models\\SubSubIndikator', 2),
(1371, 14, 4, 'App\\Models\\SubSubIndikator', 3),
(1372, 14, 1, 'App\\Models\\SubSubIndikator', 4),
(1373, 14, 17, 'App\\Models\\SubSubIndikator', 11),
(1374, 14, 26, 'App\\Models\\SubSubIndikator', 13),
(1375, 14, 7, 'App\\Models\\SubSubIndikator', 14),
(1376, 14, 0, 'App\\Models\\SubSubIndikator', 15),
(1377, 14, 21, 'App\\Models\\SubSubIndikator', 16),
(1378, 14, 23, 'App\\Models\\SubSubIndikator', 17),
(1379, 14, 6, 'App\\Models\\SubSubIndikator', 18),
(1380, 14, 0, 'App\\Models\\SubSubIndikator', 19),
(1381, 14, 13, 'App\\Models\\SubSubIndikator', 20),
(1382, 14, 29, 'App\\Models\\SubSubIndikator', 21),
(1383, 14, 8, 'App\\Models\\SubSubIndikator', 22),
(1384, 14, 0, 'App\\Models\\SubSubIndikator', 23),
(1385, 14, 17, 'App\\Models\\SubSubIndikator', 24),
(1386, 14, 25, 'App\\Models\\SubSubIndikator', 25),
(1387, 14, 8, 'App\\Models\\SubSubIndikator', 26),
(1388, 14, 0, 'App\\Models\\SubSubIndikator', 27),
(1389, 14, 19, 'App\\Models\\SubSubIndikator', 28),
(1390, 14, 25, 'App\\Models\\SubSubIndikator', 29),
(1391, 14, 6, 'App\\Models\\SubSubIndikator', 30),
(1392, 14, 0, 'App\\Models\\SubSubIndikator', 31),
(1393, 14, 19, 'App\\Models\\SubSubIndikator', 32),
(1394, 14, 27, 'App\\Models\\SubSubIndikator', 33),
(1395, 14, 5, 'App\\Models\\SubSubIndikator', 34),
(1396, 14, 0, 'App\\Models\\SubSubIndikator', 35),
(1397, 14, 17, 'App\\Models\\SubSubIndikator', 36),
(1398, 14, 24, 'App\\Models\\SubSubIndikator', 37),
(1399, 14, 9, 'App\\Models\\SubSubIndikator', 38),
(1400, 14, 0, 'App\\Models\\SubSubIndikator', 39),
(1401, 14, 16, 'App\\Models\\SubSubIndikator', 40),
(1402, 14, 27, 'App\\Models\\SubSubIndikator', 41),
(1403, 14, 6, 'App\\Models\\SubSubIndikator', 42),
(1404, 14, 1, 'App\\Models\\SubSubIndikator', 43),
(1405, 14, 17, 'App\\Models\\SubSubIndikator', 72),
(1406, 14, 27, 'App\\Models\\SubSubIndikator', 73),
(1407, 14, 6, 'App\\Models\\SubSubIndikator', 74),
(1408, 14, 0, 'App\\Models\\SubSubIndikator', 75),
(1409, 14, 17, 'App\\Models\\SubSubIndikator', 44),
(1410, 14, 28, 'App\\Models\\SubSubIndikator', 45),
(1411, 14, 4, 'App\\Models\\SubSubIndikator', 46),
(1412, 14, 1, 'App\\Models\\SubSubIndikator', 47),
(1413, 14, 19, 'App\\Models\\SubSubIndikator', 76),
(1414, 14, 27, 'App\\Models\\SubSubIndikator', 77),
(1415, 14, 4, 'App\\Models\\SubSubIndikator', 78),
(1416, 14, 0, 'App\\Models\\SubSubIndikator', 79),
(1417, 14, 17, 'App\\Models\\SubSubIndikator', 48),
(1418, 14, 28, 'App\\Models\\SubSubIndikator', 49),
(1419, 14, 5, 'App\\Models\\SubSubIndikator', 50),
(1420, 14, 10, 'App\\Models\\SubSubIndikator', 51),
(1421, 14, 15, 'App\\Models\\SubSubIndikator', 52),
(1422, 14, 31, 'App\\Models\\SubSubIndikator', 53),
(1423, 14, 4, 'App\\Models\\SubSubIndikator', 54),
(1424, 14, 0, 'App\\Models\\SubSubIndikator', 55),
(1425, 14, 17, 'App\\Models\\SubSubIndikator', 56),
(1426, 14, 30, 'App\\Models\\SubSubIndikator', 57),
(1427, 14, 3, 'App\\Models\\SubSubIndikator', 58),
(1428, 14, 0, 'App\\Models\\SubSubIndikator', 59),
(1429, 14, 20, 'App\\Models\\SubSubIndikator', 60),
(1430, 14, 25, 'App\\Models\\SubSubIndikator', 61),
(1431, 14, 5, 'App\\Models\\SubSubIndikator', 62),
(1432, 14, 0, 'App\\Models\\SubSubIndikator', 63),
(1433, 14, 16, 'App\\Models\\SubSubIndikator', 64),
(1434, 14, 30, 'App\\Models\\SubSubIndikator', 65),
(1435, 14, 3, 'App\\Models\\SubSubIndikator', 66),
(1436, 14, 1, 'App\\Models\\SubSubIndikator', 67),
(1437, 14, 15, 'App\\Models\\SubSubIndikator', 68),
(1438, 14, 31, 'App\\Models\\SubSubIndikator', 69),
(1439, 14, 3, 'App\\Models\\SubSubIndikator', 70),
(1440, 14, 1, 'App\\Models\\SubSubIndikator', 71),
(1441, 14, 17, 'App\\Models\\SubSubIndikator', 80),
(1442, 14, 27, 'App\\Models\\SubSubIndikator', 81),
(1443, 14, 6, 'App\\Models\\SubSubIndikator', 82),
(1444, 14, 0, 'App\\Models\\SubSubIndikator', 83),
(1445, 14, 17, 'App\\Models\\SubSubIndikator', 84),
(1446, 14, 28, 'App\\Models\\SubSubIndikator', 85),
(1447, 14, 4, 'App\\Models\\SubSubIndikator', 86),
(1448, 14, 1, 'App\\Models\\SubSubIndikator', 87),
(1449, 14, 15, 'App\\Models\\SubSubIndikator', 88),
(1450, 14, 28, 'App\\Models\\SubSubIndikator', 89),
(1451, 14, 4, 'App\\Models\\SubSubIndikator', 90),
(1452, 14, 1, 'App\\Models\\SubSubIndikator', 91),
(1453, 14, 21, 'App\\Models\\SubSubIndikator', 93),
(1454, 14, 26, 'App\\Models\\SubSubIndikator', 94),
(1455, 14, 3, 'App\\Models\\SubSubIndikator', 95),
(1456, 14, 0, 'App\\Models\\SubSubIndikator', 96),
(1457, 14, 0, 'App\\Models\\Indikator', 9),
(1458, 14, 3, 'App\\Models\\Indikator', 13),
(1459, 14, 0, 'App\\Models\\Indikator', 2),
(1460, 14, 0, 'App\\Models\\Indikator', 3),
(1461, 14, 0, 'App\\Models\\SubIndikator', 1),
(1462, 14, 0, 'App\\Models\\SubIndikator', 2),
(1463, 14, 0, 'App\\Models\\SubIndikator', 3),
(1464, 14, 0, 'App\\Models\\SubIndikator', 4),
(1465, 14, 0, 'App\\Models\\SubIndikator', 5),
(1466, 14, 0, 'App\\Models\\SubIndikator', 6),
(1467, 14, 0, 'App\\Models\\SubIndikator', 7),
(1468, 14, 0, 'App\\Models\\SubIndikator', 8),
(1469, 14, 1, 'App\\Models\\SubIndikator', 9),
(1470, 14, 0, 'App\\Models\\SubIndikator', 10),
(1471, 14, 0, 'App\\Models\\SubIndikator', 11),
(1472, 14, 11, 'App\\Models\\SubIndikator', 14),
(1473, 14, 0, 'App\\Models\\SubIndikator', 15),
(1474, 14, 0, 'App\\Models\\SubIndikator', 16),
(1475, 14, 0, 'App\\Models\\SubIndikator', 17),
(1476, 14, 0, 'App\\Models\\SubIndikator', 18),
(1477, 14, 0, 'App\\Models\\SubIndikator', 19),
(1478, 14, 0, 'App\\Models\\SubIndikator', 20),
(1479, 14, 0, 'App\\Models\\SubIndikator', 21),
(1480, 14, 0, 'App\\Models\\SubIndikator', 22),
(1481, 14, 0, 'App\\Models\\SubIndikator', 23),
(1482, 14, 0, 'App\\Models\\SubIndikator', 24),
(1483, 11, 17, 'App\\Models\\SubSubIndikator', 1),
(1484, 11, 28, 'App\\Models\\SubSubIndikator', 2),
(1485, 11, 5, 'App\\Models\\SubSubIndikator', 3),
(1486, 11, 0, 'App\\Models\\SubSubIndikator', 4),
(1487, 11, 17, 'App\\Models\\SubSubIndikator', 11),
(1488, 11, 27, 'App\\Models\\SubSubIndikator', 13),
(1489, 11, 6, 'App\\Models\\SubSubIndikator', 14),
(1490, 11, 0, 'App\\Models\\SubSubIndikator', 15),
(1491, 11, 16, 'App\\Models\\SubSubIndikator', 16),
(1492, 11, 29, 'App\\Models\\SubSubIndikator', 17),
(1493, 11, 4, 'App\\Models\\SubSubIndikator', 18),
(1494, 11, 1, 'App\\Models\\SubSubIndikator', 19),
(1495, 11, 14, 'App\\Models\\SubSubIndikator', 20),
(1496, 11, 31, 'App\\Models\\SubSubIndikator', 21),
(1497, 11, 5, 'App\\Models\\SubSubIndikator', 22),
(1498, 11, 0, 'App\\Models\\SubSubIndikator', 23),
(1499, 11, 16, 'App\\Models\\SubSubIndikator', 24),
(1500, 11, 26, 'App\\Models\\SubSubIndikator', 25),
(1501, 11, 6, 'App\\Models\\SubSubIndikator', 26),
(1502, 11, 2, 'App\\Models\\SubSubIndikator', 27),
(1503, 11, 16, 'App\\Models\\SubSubIndikator', 28),
(1504, 11, 27, 'App\\Models\\SubSubIndikator', 29),
(1505, 11, 7, 'App\\Models\\SubSubIndikator', 30),
(1506, 11, 0, 'App\\Models\\SubSubIndikator', 31),
(1507, 11, 16, 'App\\Models\\SubSubIndikator', 32),
(1508, 11, 26, 'App\\Models\\SubSubIndikator', 33),
(1509, 11, 8, 'App\\Models\\SubSubIndikator', 34),
(1510, 11, 0, 'App\\Models\\SubSubIndikator', 35),
(1511, 11, 15, 'App\\Models\\SubSubIndikator', 36),
(1512, 11, 29, 'App\\Models\\SubSubIndikator', 37),
(1513, 11, 6, 'App\\Models\\SubSubIndikator', 38),
(1514, 11, 0, 'App\\Models\\SubSubIndikator', 39),
(1515, 11, 16, 'App\\Models\\SubSubIndikator', 40),
(1516, 11, 27, 'App\\Models\\SubSubIndikator', 41),
(1517, 11, 7, 'App\\Models\\SubSubIndikator', 42),
(1518, 11, 0, 'App\\Models\\SubSubIndikator', 43),
(1519, 11, 16, 'App\\Models\\SubSubIndikator', 72),
(1520, 11, 27, 'App\\Models\\SubSubIndikator', 73),
(1521, 11, 7, 'App\\Models\\SubSubIndikator', 74),
(1522, 11, 1, 'App\\Models\\SubSubIndikator', 75),
(1523, 11, 12, 'App\\Models\\SubSubIndikator', 44),
(1524, 11, 30, 'App\\Models\\SubSubIndikator', 45),
(1525, 11, 7, 'App\\Models\\SubSubIndikator', 46),
(1526, 11, 1, 'App\\Models\\SubSubIndikator', 47),
(1527, 11, 14, 'App\\Models\\SubSubIndikator', 76),
(1528, 11, 31, 'App\\Models\\SubSubIndikator', 77),
(1529, 11, 4, 'App\\Models\\SubSubIndikator', 78),
(1530, 11, 1, 'App\\Models\\SubSubIndikator', 79),
(1531, 11, 11, 'App\\Models\\SubSubIndikator', 48),
(1532, 11, 33, 'App\\Models\\SubSubIndikator', 49),
(1533, 11, 6, 'App\\Models\\SubSubIndikator', 50),
(1534, 11, 0, 'App\\Models\\SubSubIndikator', 51),
(1535, 11, 12, 'App\\Models\\SubSubIndikator', 52),
(1536, 11, 30, 'App\\Models\\SubSubIndikator', 53),
(1537, 11, 8, 'App\\Models\\SubSubIndikator', 54),
(1538, 11, 0, 'App\\Models\\SubSubIndikator', 55),
(1539, 11, 10, 'App\\Models\\SubSubIndikator', 56),
(1540, 11, 32, 'App\\Models\\SubSubIndikator', 57),
(1541, 11, 8, 'App\\Models\\SubSubIndikator', 58),
(1542, 11, 0, 'App\\Models\\SubSubIndikator', 59),
(1543, 11, 13, 'App\\Models\\SubSubIndikator', 60),
(1544, 11, 28, 'App\\Models\\SubSubIndikator', 61),
(1545, 11, 9, 'App\\Models\\SubSubIndikator', 62),
(1546, 11, 0, 'App\\Models\\SubSubIndikator', 63),
(1547, 11, 14, 'App\\Models\\SubSubIndikator', 64),
(1548, 11, 26, 'App\\Models\\SubSubIndikator', 65),
(1549, 11, 9, 'App\\Models\\SubSubIndikator', 66),
(1550, 11, 1, 'App\\Models\\SubSubIndikator', 67),
(1551, 11, 12, 'App\\Models\\SubSubIndikator', 68),
(1552, 11, 28, 'App\\Models\\SubSubIndikator', 69),
(1553, 11, 8, 'App\\Models\\SubSubIndikator', 70),
(1554, 11, 2, 'App\\Models\\SubSubIndikator', 71),
(1555, 11, 12, 'App\\Models\\SubSubIndikator', 80),
(1556, 11, 32, 'App\\Models\\SubSubIndikator', 81),
(1557, 11, 6, 'App\\Models\\SubSubIndikator', 82),
(1558, 11, 0, 'App\\Models\\SubSubIndikator', 83),
(1559, 11, 10, 'App\\Models\\SubSubIndikator', 84),
(1560, 11, 33, 'App\\Models\\SubSubIndikator', 85),
(1561, 11, 6, 'App\\Models\\SubSubIndikator', 86),
(1562, 11, 1, 'App\\Models\\SubSubIndikator', 87),
(1563, 11, 11, 'App\\Models\\SubSubIndikator', 88),
(1564, 11, 33, 'App\\Models\\SubSubIndikator', 89),
(1565, 11, 5, 'App\\Models\\SubSubIndikator', 90),
(1566, 11, 1, 'App\\Models\\SubSubIndikator', 91),
(1567, 11, 17, 'App\\Models\\SubSubIndikator', 93),
(1568, 11, 30, 'App\\Models\\SubSubIndikator', 94),
(1569, 11, 3, 'App\\Models\\SubSubIndikator', 95),
(1570, 11, 0, 'App\\Models\\SubSubIndikator', 96),
(1571, 11, 0, 'App\\Models\\Indikator', 9),
(1572, 11, 1, 'App\\Models\\Indikator', 13),
(1573, 11, 0, 'App\\Models\\Indikator', 2),
(1574, 11, 0, 'App\\Models\\Indikator', 3),
(1575, 11, 0, 'App\\Models\\SubIndikator', 1),
(1576, 11, 0, 'App\\Models\\SubIndikator', 2),
(1577, 11, 0, 'App\\Models\\SubIndikator', 3),
(1578, 11, 0, 'App\\Models\\SubIndikator', 4),
(1579, 11, 0, 'App\\Models\\SubIndikator', 5),
(1580, 11, 0, 'App\\Models\\SubIndikator', 6),
(1581, 11, 0, 'App\\Models\\SubIndikator', 7),
(1582, 11, 0, 'App\\Models\\SubIndikator', 8),
(1583, 11, 2, 'App\\Models\\SubIndikator', 9),
(1584, 11, 0, 'App\\Models\\SubIndikator', 10),
(1585, 11, 0, 'App\\Models\\SubIndikator', 11),
(1586, 11, 21, 'App\\Models\\SubIndikator', 14),
(1587, 11, 0, 'App\\Models\\SubIndikator', 15),
(1588, 11, 0, 'App\\Models\\SubIndikator', 16),
(1589, 11, 0, 'App\\Models\\SubIndikator', 17),
(1590, 11, 0, 'App\\Models\\SubIndikator', 18),
(1591, 11, 0, 'App\\Models\\SubIndikator', 19),
(1592, 11, 0, 'App\\Models\\SubIndikator', 20),
(1593, 11, 0, 'App\\Models\\SubIndikator', 21),
(1594, 11, 0, 'App\\Models\\SubIndikator', 22),
(1595, 11, 0, 'App\\Models\\SubIndikator', 23),
(1596, 11, 0, 'App\\Models\\SubIndikator', 24),
(1597, 15, 0, 'App\\Models\\Indikator', 9),
(1598, 15, 0, 'App\\Models\\Indikator', 13),
(1599, 15, 3, 'App\\Models\\Indikator', 2),
(1600, 15, 0, 'App\\Models\\Indikator', 3),
(1601, 15, 0, 'App\\Models\\SubIndikator', 1),
(1602, 15, 0, 'App\\Models\\SubIndikator', 2),
(1603, 15, 0, 'App\\Models\\SubIndikator', 3),
(1604, 15, 0, 'App\\Models\\SubIndikator', 4),
(1605, 15, 0, 'App\\Models\\SubIndikator', 5),
(1606, 15, 0, 'App\\Models\\SubIndikator', 6),
(1607, 15, 0, 'App\\Models\\SubIndikator', 7),
(1608, 15, 0, 'App\\Models\\SubIndikator', 8),
(1609, 15, 2, 'App\\Models\\SubIndikator', 9),
(1610, 15, 1, 'App\\Models\\SubIndikator', 10),
(1611, 15, 0, 'App\\Models\\SubIndikator', 11),
(1612, 15, 9, 'App\\Models\\SubIndikator', 14),
(1613, 15, 3, 'App\\Models\\SubIndikator', 15),
(1614, 15, 2, 'App\\Models\\SubIndikator', 16),
(1615, 15, 1, 'App\\Models\\SubIndikator', 17),
(1616, 15, 4, 'App\\Models\\SubIndikator', 18),
(1617, 15, 0, 'App\\Models\\SubIndikator', 19),
(1618, 15, 0, 'App\\Models\\SubIndikator', 20),
(1619, 15, 0, 'App\\Models\\SubIndikator', 21),
(1620, 15, 0, 'App\\Models\\SubIndikator', 22),
(1621, 15, 0, 'App\\Models\\SubIndikator', 23),
(1622, 15, 0, 'App\\Models\\SubIndikator', 24),
(1623, 15, 19, 'App\\Models\\SubSubIndikator', 1),
(1624, 15, 26, 'App\\Models\\SubSubIndikator', 2),
(1625, 15, 5, 'App\\Models\\SubSubIndikator', 3),
(1626, 15, 0, 'App\\Models\\SubSubIndikator', 4),
(1627, 15, 18, 'App\\Models\\SubSubIndikator', 11),
(1628, 15, 26, 'App\\Models\\SubSubIndikator', 13),
(1629, 15, 6, 'App\\Models\\SubSubIndikator', 14),
(1630, 15, 0, 'App\\Models\\SubSubIndikator', 15),
(1631, 15, 19, 'App\\Models\\SubSubIndikator', 16),
(1632, 15, 25, 'App\\Models\\SubSubIndikator', 17),
(1633, 15, 6, 'App\\Models\\SubSubIndikator', 18),
(1634, 15, 0, 'App\\Models\\SubSubIndikator', 19),
(1635, 15, 18, 'App\\Models\\SubSubIndikator', 20),
(1636, 15, 24, 'App\\Models\\SubSubIndikator', 21),
(1637, 15, 8, 'App\\Models\\SubSubIndikator', 22),
(1638, 15, 0, 'App\\Models\\SubSubIndikator', 23),
(1639, 15, 15, 'App\\Models\\SubSubIndikator', 24),
(1640, 15, 25, 'App\\Models\\SubSubIndikator', 25),
(1641, 15, 10, 'App\\Models\\SubSubIndikator', 26),
(1642, 15, 0, 'App\\Models\\SubSubIndikator', 27),
(1643, 15, 18, 'App\\Models\\SubSubIndikator', 28),
(1644, 15, 27, 'App\\Models\\SubSubIndikator', 29),
(1645, 15, 5, 'App\\Models\\SubSubIndikator', 30),
(1646, 15, 0, 'App\\Models\\SubSubIndikator', 31),
(1647, 15, 15, 'App\\Models\\SubSubIndikator', 32),
(1648, 15, 28, 'App\\Models\\SubSubIndikator', 33),
(1649, 15, 7, 'App\\Models\\SubSubIndikator', 34),
(1650, 15, 0, 'App\\Models\\SubSubIndikator', 35),
(1651, 15, 13, 'App\\Models\\SubSubIndikator', 36),
(1652, 15, 30, 'App\\Models\\SubSubIndikator', 37),
(1653, 15, 6, 'App\\Models\\SubSubIndikator', 38),
(1654, 15, 1, 'App\\Models\\SubSubIndikator', 39),
(1655, 15, 15, 'App\\Models\\SubSubIndikator', 40),
(1656, 15, 27, 'App\\Models\\SubSubIndikator', 41),
(1657, 15, 8, 'App\\Models\\SubSubIndikator', 42),
(1658, 15, 0, 'App\\Models\\SubSubIndikator', 43),
(1659, 15, 15, 'App\\Models\\SubSubIndikator', 72),
(1660, 15, 26, 'App\\Models\\SubSubIndikator', 73),
(1661, 15, 9, 'App\\Models\\SubSubIndikator', 74),
(1662, 15, 0, 'App\\Models\\SubSubIndikator', 75),
(1663, 15, 14, 'App\\Models\\SubSubIndikator', 44),
(1664, 15, 30, 'App\\Models\\SubSubIndikator', 45),
(1665, 15, 6, 'App\\Models\\SubSubIndikator', 46),
(1666, 15, 0, 'App\\Models\\SubSubIndikator', 47),
(1667, 15, 13, 'App\\Models\\SubSubIndikator', 76),
(1668, 15, 31, 'App\\Models\\SubSubIndikator', 77),
(1669, 15, 6, 'App\\Models\\SubSubIndikator', 78),
(1670, 15, 0, 'App\\Models\\SubSubIndikator', 79),
(1671, 15, 18, 'App\\Models\\SubSubIndikator', 48),
(1672, 15, 28, 'App\\Models\\SubSubIndikator', 49),
(1673, 15, 4, 'App\\Models\\SubSubIndikator', 50),
(1674, 15, 0, 'App\\Models\\SubSubIndikator', 51),
(1675, 15, 15, 'App\\Models\\SubSubIndikator', 52),
(1676, 15, 31, 'App\\Models\\SubSubIndikator', 53),
(1677, 15, 4, 'App\\Models\\SubSubIndikator', 54),
(1678, 15, 0, 'App\\Models\\SubSubIndikator', 55),
(1679, 15, 15, 'App\\Models\\SubSubIndikator', 56),
(1680, 15, 27, 'App\\Models\\SubSubIndikator', 57),
(1681, 15, 8, 'App\\Models\\SubSubIndikator', 58),
(1682, 15, 0, 'App\\Models\\SubSubIndikator', 59),
(1683, 15, 18, 'App\\Models\\SubSubIndikator', 60),
(1684, 15, 25, 'App\\Models\\SubSubIndikator', 61),
(1685, 15, 7, 'App\\Models\\SubSubIndikator', 62),
(1686, 15, 0, 'App\\Models\\SubSubIndikator', 63),
(1687, 15, 19, 'App\\Models\\SubSubIndikator', 64),
(1688, 15, 26, 'App\\Models\\SubSubIndikator', 65),
(1689, 15, 5, 'App\\Models\\SubSubIndikator', 66),
(1690, 15, 0, 'App\\Models\\SubSubIndikator', 67),
(1691, 15, 17, 'App\\Models\\SubSubIndikator', 68),
(1692, 15, 28, 'App\\Models\\SubSubIndikator', 69),
(1693, 15, 5, 'App\\Models\\SubSubIndikator', 70),
(1694, 15, 0, 'App\\Models\\SubSubIndikator', 71),
(1695, 15, 14, 'App\\Models\\SubSubIndikator', 80),
(1696, 15, 30, 'App\\Models\\SubSubIndikator', 81),
(1697, 15, 6, 'App\\Models\\SubSubIndikator', 82),
(1698, 15, 0, 'App\\Models\\SubSubIndikator', 83),
(1699, 15, 17, 'App\\Models\\SubSubIndikator', 84),
(1700, 15, 27, 'App\\Models\\SubSubIndikator', 85),
(1701, 15, 6, 'App\\Models\\SubSubIndikator', 86),
(1702, 15, 0, 'App\\Models\\SubSubIndikator', 87),
(1703, 15, 15, 'App\\Models\\SubSubIndikator', 88),
(1704, 15, 26, 'App\\Models\\SubSubIndikator', 89),
(1705, 15, 9, 'App\\Models\\SubSubIndikator', 90),
(1706, 15, 0, 'App\\Models\\SubSubIndikator', 91),
(1707, 15, 17, 'App\\Models\\SubSubIndikator', 93),
(1708, 15, 30, 'App\\Models\\SubSubIndikator', 94),
(1709, 15, 3, 'App\\Models\\SubSubIndikator', 95),
(1710, 15, 0, 'App\\Models\\SubSubIndikator', 96),
(1711, 16, 0, 'App\\Models\\Indikator', 9),
(1712, 16, 5, 'App\\Models\\Indikator', 13),
(1713, 16, 3, 'App\\Models\\Indikator', 2),
(1714, 16, 0, 'App\\Models\\Indikator', 3),
(1715, 16, 0, 'App\\Models\\SubIndikator', 1),
(1716, 16, 0, 'App\\Models\\SubIndikator', 2),
(1717, 16, 0, 'App\\Models\\SubIndikator', 3),
(1718, 16, 0, 'App\\Models\\SubIndikator', 4),
(1719, 16, 0, 'App\\Models\\SubIndikator', 5),
(1720, 16, 0, 'App\\Models\\SubIndikator', 6),
(1721, 16, 0, 'App\\Models\\SubIndikator', 7),
(1722, 16, 0, 'App\\Models\\SubIndikator', 8),
(1723, 16, 4, 'App\\Models\\SubIndikator', 9),
(1724, 16, 2, 'App\\Models\\SubIndikator', 10),
(1725, 16, 0, 'App\\Models\\SubIndikator', 11),
(1726, 16, 19, 'App\\Models\\SubIndikator', 14),
(1727, 16, 2, 'App\\Models\\SubIndikator', 15),
(1728, 16, 1, 'App\\Models\\SubIndikator', 16),
(1729, 16, 0, 'App\\Models\\SubIndikator', 17),
(1730, 16, 0, 'App\\Models\\SubIndikator', 18),
(1731, 16, 0, 'App\\Models\\SubIndikator', 19),
(1732, 16, 0, 'App\\Models\\SubIndikator', 20),
(1733, 16, 0, 'App\\Models\\SubIndikator', 21),
(1734, 16, 0, 'App\\Models\\SubIndikator', 22),
(1735, 16, 0, 'App\\Models\\SubIndikator', 23),
(1736, 16, 0, 'App\\Models\\SubIndikator', 24),
(1737, 16, 14, 'App\\Models\\SubSubIndikator', 1),
(1738, 16, 30, 'App\\Models\\SubSubIndikator', 2),
(1739, 16, 6, 'App\\Models\\SubSubIndikator', 3),
(1740, 16, 0, 'App\\Models\\SubSubIndikator', 4),
(1741, 16, 11, 'App\\Models\\SubSubIndikator', 11),
(1742, 16, 35, 'App\\Models\\SubSubIndikator', 13),
(1743, 16, 4, 'App\\Models\\SubSubIndikator', 14),
(1744, 16, 0, 'App\\Models\\SubSubIndikator', 15),
(1745, 16, 15, 'App\\Models\\SubSubIndikator', 16),
(1746, 16, 28, 'App\\Models\\SubSubIndikator', 17),
(1747, 16, 7, 'App\\Models\\SubSubIndikator', 18),
(1748, 16, 0, 'App\\Models\\SubSubIndikator', 19),
(1749, 16, 13, 'App\\Models\\SubSubIndikator', 20),
(1750, 16, 31, 'App\\Models\\SubSubIndikator', 21),
(1751, 16, 5, 'App\\Models\\SubSubIndikator', 22),
(1752, 16, 1, 'App\\Models\\SubSubIndikator', 23),
(1753, 16, 14, 'App\\Models\\SubSubIndikator', 24),
(1754, 16, 28, 'App\\Models\\SubSubIndikator', 25),
(1755, 16, 7, 'App\\Models\\SubSubIndikator', 26),
(1756, 16, 1, 'App\\Models\\SubSubIndikator', 27),
(1757, 16, 17, 'App\\Models\\SubSubIndikator', 28),
(1758, 16, 26, 'App\\Models\\SubSubIndikator', 29),
(1759, 16, 7, 'App\\Models\\SubSubIndikator', 30),
(1760, 16, 0, 'App\\Models\\SubSubIndikator', 31),
(1761, 16, 15, 'App\\Models\\SubSubIndikator', 32),
(1762, 16, 27, 'App\\Models\\SubSubIndikator', 33),
(1763, 16, 8, 'App\\Models\\SubSubIndikator', 34),
(1764, 16, 0, 'App\\Models\\SubSubIndikator', 35),
(1765, 16, 16, 'App\\Models\\SubSubIndikator', 36),
(1766, 16, 27, 'App\\Models\\SubSubIndikator', 37),
(1767, 16, 6, 'App\\Models\\SubSubIndikator', 38),
(1768, 16, 1, 'App\\Models\\SubSubIndikator', 39),
(1769, 16, 17, 'App\\Models\\SubSubIndikator', 40),
(1770, 16, 28, 'App\\Models\\SubSubIndikator', 41),
(1771, 16, 5, 'App\\Models\\SubSubIndikator', 42),
(1772, 16, 0, 'App\\Models\\SubSubIndikator', 43),
(1773, 16, 14, 'App\\Models\\SubSubIndikator', 72),
(1774, 16, 29, 'App\\Models\\SubSubIndikator', 73),
(1775, 16, 7, 'App\\Models\\SubSubIndikator', 74),
(1776, 16, 0, 'App\\Models\\SubSubIndikator', 75),
(1777, 16, 13, 'App\\Models\\SubSubIndikator', 44),
(1778, 16, 32, 'App\\Models\\SubSubIndikator', 45),
(1779, 16, 5, 'App\\Models\\SubSubIndikator', 46),
(1780, 16, 0, 'App\\Models\\SubSubIndikator', 47),
(1781, 16, 14, 'App\\Models\\SubSubIndikator', 76),
(1782, 16, 26, 'App\\Models\\SubSubIndikator', 77),
(1783, 16, 7, 'App\\Models\\SubSubIndikator', 78),
(1784, 16, 0, 'App\\Models\\SubSubIndikator', 79),
(1785, 16, 17, 'App\\Models\\SubSubIndikator', 48),
(1786, 16, 28, 'App\\Models\\SubSubIndikator', 49),
(1787, 16, 5, 'App\\Models\\SubSubIndikator', 50),
(1788, 16, 0, 'App\\Models\\SubSubIndikator', 51),
(1789, 16, 13, 'App\\Models\\SubSubIndikator', 52),
(1790, 16, 32, 'App\\Models\\SubSubIndikator', 53),
(1791, 16, 5, 'App\\Models\\SubSubIndikator', 54),
(1792, 16, 0, 'App\\Models\\SubSubIndikator', 55),
(1793, 16, 13, 'App\\Models\\SubSubIndikator', 56),
(1794, 16, 30, 'App\\Models\\SubSubIndikator', 57),
(1795, 16, 7, 'App\\Models\\SubSubIndikator', 58),
(1796, 16, 0, 'App\\Models\\SubSubIndikator', 59),
(1797, 16, 16, 'App\\Models\\SubSubIndikator', 60),
(1798, 16, 26, 'App\\Models\\SubSubIndikator', 61),
(1799, 16, 8, 'App\\Models\\SubSubIndikator', 62),
(1800, 16, 0, 'App\\Models\\SubSubIndikator', 63),
(1801, 16, 16, 'App\\Models\\SubSubIndikator', 64),
(1802, 16, 28, 'App\\Models\\SubSubIndikator', 65),
(1803, 16, 6, 'App\\Models\\SubSubIndikator', 66),
(1804, 16, 0, 'App\\Models\\SubSubIndikator', 67),
(1805, 16, 15, 'App\\Models\\SubSubIndikator', 68),
(1806, 16, 30, 'App\\Models\\SubSubIndikator', 69),
(1807, 16, 4, 'App\\Models\\SubSubIndikator', 70),
(1808, 16, 1, 'App\\Models\\SubSubIndikator', 71),
(1809, 16, 17, 'App\\Models\\SubSubIndikator', 80),
(1810, 16, 28, 'App\\Models\\SubSubIndikator', 81),
(1811, 16, 5, 'App\\Models\\SubSubIndikator', 82),
(1812, 16, 0, 'App\\Models\\SubSubIndikator', 83),
(1813, 16, 15, 'App\\Models\\SubSubIndikator', 84),
(1814, 16, 30, 'App\\Models\\SubSubIndikator', 85),
(1815, 16, 5, 'App\\Models\\SubSubIndikator', 86),
(1816, 16, 0, 'App\\Models\\SubSubIndikator', 87),
(1817, 16, 14, 'App\\Models\\SubSubIndikator', 88),
(1818, 16, 31, 'App\\Models\\SubSubIndikator', 89),
(1819, 16, 5, 'App\\Models\\SubSubIndikator', 90),
(1820, 16, 0, 'App\\Models\\SubSubIndikator', 91),
(1821, 16, 16, 'App\\Models\\SubSubIndikator', 93),
(1822, 16, 29, 'App\\Models\\SubSubIndikator', 94),
(1823, 16, 5, 'App\\Models\\SubSubIndikator', 95),
(1824, 16, 0, 'App\\Models\\SubSubIndikator', 96),
(1825, 17, 1, 'App\\Models\\Indikator', 9),
(1826, 17, 1, 'App\\Models\\Indikator', 13),
(1827, 17, 1, 'App\\Models\\Indikator', 2),
(1828, 17, 0, 'App\\Models\\Indikator', 3),
(1829, 17, 0, 'App\\Models\\SubIndikator', 1),
(1830, 17, 0, 'App\\Models\\SubIndikator', 2),
(1831, 17, 0, 'App\\Models\\SubIndikator', 3),
(1832, 17, 0, 'App\\Models\\SubIndikator', 4),
(1833, 17, 0, 'App\\Models\\SubIndikator', 5),
(1834, 17, 0, 'App\\Models\\SubIndikator', 6),
(1835, 17, 0, 'App\\Models\\SubIndikator', 7),
(1836, 17, 0, 'App\\Models\\SubIndikator', 8),
(1837, 17, 0, 'App\\Models\\SubIndikator', 9),
(1838, 17, 0, 'App\\Models\\SubIndikator', 10),
(1839, 17, 0, 'App\\Models\\SubIndikator', 11),
(1840, 17, 9, 'App\\Models\\SubIndikator', 14),
(1841, 17, 1, 'App\\Models\\SubIndikator', 15),
(1842, 17, 2, 'App\\Models\\SubIndikator', 16),
(1843, 17, 0, 'App\\Models\\SubIndikator', 17),
(1844, 17, 0, 'App\\Models\\SubIndikator', 18),
(1845, 17, 0, 'App\\Models\\SubIndikator', 19),
(1846, 17, 0, 'App\\Models\\SubIndikator', 20),
(1847, 17, 1, 'App\\Models\\SubIndikator', 21),
(1848, 17, 0, 'App\\Models\\SubIndikator', 22),
(1849, 17, 0, 'App\\Models\\SubIndikator', 23),
(1850, 17, 0, 'App\\Models\\SubIndikator', 24),
(1851, 17, 20, 'App\\Models\\SubSubIndikator', 1),
(1852, 17, 27, 'App\\Models\\SubSubIndikator', 2),
(1853, 17, 3, 'App\\Models\\SubSubIndikator', 3),
(1854, 17, 0, 'App\\Models\\SubSubIndikator', 4),
(1855, 17, 20, 'App\\Models\\SubSubIndikator', 11),
(1856, 17, 26, 'App\\Models\\SubSubIndikator', 13),
(1857, 17, 4, 'App\\Models\\SubSubIndikator', 14),
(1858, 17, 0, 'App\\Models\\SubSubIndikator', 15),
(1859, 17, 19, 'App\\Models\\SubSubIndikator', 16),
(1860, 17, 30, 'App\\Models\\SubSubIndikator', 17),
(1861, 17, 1, 'App\\Models\\SubSubIndikator', 18),
(1862, 17, 0, 'App\\Models\\SubSubIndikator', 19),
(1863, 17, 16, 'App\\Models\\SubSubIndikator', 20),
(1864, 17, 32, 'App\\Models\\SubSubIndikator', 21),
(1865, 17, 2, 'App\\Models\\SubSubIndikator', 22),
(1866, 17, 0, 'App\\Models\\SubSubIndikator', 23),
(1867, 17, 19, 'App\\Models\\SubSubIndikator', 24),
(1868, 17, 27, 'App\\Models\\SubSubIndikator', 25),
(1869, 17, 3, 'App\\Models\\SubSubIndikator', 26),
(1870, 17, 1, 'App\\Models\\SubSubIndikator', 27),
(1871, 17, 20, 'App\\Models\\SubSubIndikator', 28),
(1872, 17, 27, 'App\\Models\\SubSubIndikator', 29),
(1873, 17, 3, 'App\\Models\\SubSubIndikator', 30),
(1874, 17, 1, 'App\\Models\\SubSubIndikator', 31),
(1875, 17, 19, 'App\\Models\\SubSubIndikator', 32),
(1876, 17, 27, 'App\\Models\\SubSubIndikator', 33),
(1877, 17, 4, 'App\\Models\\SubSubIndikator', 34),
(1878, 17, 0, 'App\\Models\\SubSubIndikator', 35),
(1879, 17, 19, 'App\\Models\\SubSubIndikator', 36),
(1880, 17, 29, 'App\\Models\\SubSubIndikator', 37),
(1881, 17, 2, 'App\\Models\\SubSubIndikator', 38),
(1882, 17, 0, 'App\\Models\\SubSubIndikator', 39),
(1883, 17, 19, 'App\\Models\\SubSubIndikator', 40),
(1884, 17, 28, 'App\\Models\\SubSubIndikator', 41),
(1885, 17, 3, 'App\\Models\\SubSubIndikator', 42),
(1886, 17, 0, 'App\\Models\\SubSubIndikator', 43),
(1887, 17, 17, 'App\\Models\\SubSubIndikator', 72),
(1888, 17, 29, 'App\\Models\\SubSubIndikator', 73),
(1889, 17, 4, 'App\\Models\\SubSubIndikator', 74),
(1890, 17, 0, 'App\\Models\\SubSubIndikator', 75),
(1891, 17, 16, 'App\\Models\\SubSubIndikator', 44),
(1892, 17, 30, 'App\\Models\\SubSubIndikator', 45),
(1893, 17, 4, 'App\\Models\\SubSubIndikator', 46),
(1894, 17, 0, 'App\\Models\\SubSubIndikator', 47),
(1895, 17, 18, 'App\\Models\\SubSubIndikator', 76),
(1896, 17, 28, 'App\\Models\\SubSubIndikator', 77),
(1897, 17, 3, 'App\\Models\\SubSubIndikator', 78),
(1898, 17, 1, 'App\\Models\\SubSubIndikator', 79),
(1899, 17, 17, 'App\\Models\\SubSubIndikator', 48),
(1900, 17, 29, 'App\\Models\\SubSubIndikator', 49),
(1901, 17, 4, 'App\\Models\\SubSubIndikator', 50),
(1902, 17, 0, 'App\\Models\\SubSubIndikator', 51),
(1903, 17, 19, 'App\\Models\\SubSubIndikator', 52),
(1904, 17, 27, 'App\\Models\\SubSubIndikator', 53),
(1905, 17, 4, 'App\\Models\\SubSubIndikator', 54),
(1906, 17, 0, 'App\\Models\\SubSubIndikator', 55),
(1907, 17, 16, 'App\\Models\\SubSubIndikator', 56),
(1908, 17, 31, 'App\\Models\\SubSubIndikator', 57),
(1909, 17, 3, 'App\\Models\\SubSubIndikator', 58),
(1910, 17, 0, 'App\\Models\\SubSubIndikator', 59),
(1911, 17, 19, 'App\\Models\\SubSubIndikator', 60),
(1912, 17, 27, 'App\\Models\\SubSubIndikator', 61),
(1913, 17, 4, 'App\\Models\\SubSubIndikator', 62),
(1914, 17, 0, 'App\\Models\\SubSubIndikator', 63),
(1915, 17, 20, 'App\\Models\\SubSubIndikator', 64),
(1916, 17, 26, 'App\\Models\\SubSubIndikator', 65),
(1917, 17, 4, 'App\\Models\\SubSubIndikator', 66),
(1918, 17, 0, 'App\\Models\\SubSubIndikator', 67),
(1919, 17, 17, 'App\\Models\\SubSubIndikator', 68),
(1920, 17, 30, 'App\\Models\\SubSubIndikator', 69),
(1921, 17, 3, 'App\\Models\\SubSubIndikator', 70),
(1922, 17, 0, 'App\\Models\\SubSubIndikator', 71),
(1923, 17, 17, 'App\\Models\\SubSubIndikator', 80),
(1924, 17, 30, 'App\\Models\\SubSubIndikator', 81),
(1925, 17, 3, 'App\\Models\\SubSubIndikator', 82),
(1926, 17, 0, 'App\\Models\\SubSubIndikator', 83),
(1927, 17, 20, 'App\\Models\\SubSubIndikator', 84),
(1928, 17, 26, 'App\\Models\\SubSubIndikator', 85),
(1929, 17, 3, 'App\\Models\\SubSubIndikator', 86),
(1930, 17, 1, 'App\\Models\\SubSubIndikator', 87),
(1931, 17, 19, 'App\\Models\\SubSubIndikator', 88),
(1932, 17, 27, 'App\\Models\\SubSubIndikator', 89),
(1933, 17, 3, 'App\\Models\\SubSubIndikator', 90),
(1934, 17, 1, 'App\\Models\\SubSubIndikator', 91),
(1935, 17, 19, 'App\\Models\\SubSubIndikator', 93),
(1936, 17, 27, 'App\\Models\\SubSubIndikator', 94),
(1937, 17, 3, 'App\\Models\\SubSubIndikator', 95),
(1938, 17, 1, 'App\\Models\\SubSubIndikator', 96),
(1939, 18, 0, 'App\\Models\\Indikator', 9),
(1940, 18, 0, 'App\\Models\\Indikator', 13),
(1941, 18, 1, 'App\\Models\\Indikator', 2),
(1942, 18, 3, 'App\\Models\\Indikator', 3),
(1943, 18, 0, 'App\\Models\\SubIndikator', 1),
(1944, 18, 0, 'App\\Models\\SubIndikator', 2),
(1945, 18, 0, 'App\\Models\\SubIndikator', 3),
(1946, 18, 0, 'App\\Models\\SubIndikator', 4),
(1947, 18, 0, 'App\\Models\\SubIndikator', 5),
(1948, 18, 0, 'App\\Models\\SubIndikator', 6),
(1949, 18, 0, 'App\\Models\\SubIndikator', 7),
(1950, 18, 0, 'App\\Models\\SubIndikator', 8),
(1951, 18, 0, 'App\\Models\\SubIndikator', 9),
(1952, 18, 0, 'App\\Models\\SubIndikator', 10),
(1953, 18, 0, 'App\\Models\\SubIndikator', 11),
(1954, 18, 7, 'App\\Models\\SubIndikator', 14),
(1955, 18, 1, 'App\\Models\\SubIndikator', 15),
(1956, 18, 2, 'App\\Models\\SubIndikator', 16),
(1957, 18, 0, 'App\\Models\\SubIndikator', 17),
(1958, 18, 1, 'App\\Models\\SubIndikator', 18),
(1959, 18, 0, 'App\\Models\\SubIndikator', 19),
(1960, 18, 0, 'App\\Models\\SubIndikator', 20),
(1961, 18, 0, 'App\\Models\\SubIndikator', 21),
(1962, 18, 0, 'App\\Models\\SubIndikator', 22),
(1963, 18, 0, 'App\\Models\\SubIndikator', 23),
(1964, 18, 0, 'App\\Models\\SubIndikator', 24),
(1965, 18, 19, 'App\\Models\\SubSubIndikator', 1),
(1966, 18, 27, 'App\\Models\\SubSubIndikator', 2),
(1967, 18, 4, 'App\\Models\\SubSubIndikator', 3),
(1968, 18, 0, 'App\\Models\\SubSubIndikator', 4),
(1969, 18, 16, 'App\\Models\\SubSubIndikator', 11),
(1970, 18, 29, 'App\\Models\\SubSubIndikator', 13),
(1971, 18, 5, 'App\\Models\\SubSubIndikator', 14),
(1972, 18, 0, 'App\\Models\\SubSubIndikator', 15),
(1973, 18, 21, 'App\\Models\\SubSubIndikator', 16),
(1974, 18, 27, 'App\\Models\\SubSubIndikator', 17),
(1975, 18, 1, 'App\\Models\\SubSubIndikator', 18),
(1976, 18, 1, 'App\\Models\\SubSubIndikator', 19),
(1977, 18, 19, 'App\\Models\\SubSubIndikator', 20),
(1978, 18, 28, 'App\\Models\\SubSubIndikator', 21),
(1979, 18, 3, 'App\\Models\\SubSubIndikator', 22),
(1980, 18, 0, 'App\\Models\\SubSubIndikator', 23),
(1981, 18, 20, 'App\\Models\\SubSubIndikator', 24),
(1982, 18, 27, 'App\\Models\\SubSubIndikator', 25),
(1983, 18, 2, 'App\\Models\\SubSubIndikator', 26),
(1984, 18, 1, 'App\\Models\\SubSubIndikator', 27),
(1985, 18, 18, 'App\\Models\\SubSubIndikator', 28),
(1986, 18, 30, 'App\\Models\\SubSubIndikator', 29),
(1987, 18, 1, 'App\\Models\\SubSubIndikator', 30),
(1988, 18, 1, 'App\\Models\\SubSubIndikator', 31),
(1989, 18, 16, 'App\\Models\\SubSubIndikator', 32),
(1990, 18, 30, 'App\\Models\\SubSubIndikator', 33),
(1991, 18, 4, 'App\\Models\\SubSubIndikator', 34),
(1992, 18, 0, 'App\\Models\\SubSubIndikator', 35),
(1993, 18, 18, 'App\\Models\\SubSubIndikator', 36),
(1994, 18, 27, 'App\\Models\\SubSubIndikator', 37),
(1995, 18, 5, 'App\\Models\\SubSubIndikator', 38),
(1996, 18, 0, 'App\\Models\\SubSubIndikator', 39),
(1997, 18, 16, 'App\\Models\\SubSubIndikator', 40),
(1998, 18, 31, 'App\\Models\\SubSubIndikator', 41),
(1999, 18, 3, 'App\\Models\\SubSubIndikator', 42),
(2000, 18, 0, 'App\\Models\\SubSubIndikator', 43),
(2001, 18, 15, 'App\\Models\\SubSubIndikator', 72),
(2002, 18, 32, 'App\\Models\\SubSubIndikator', 73),
(2003, 18, 2, 'App\\Models\\SubSubIndikator', 74),
(2004, 18, 1, 'App\\Models\\SubSubIndikator', 75),
(2005, 18, 17, 'App\\Models\\SubSubIndikator', 44),
(2006, 18, 31, 'App\\Models\\SubSubIndikator', 45),
(2007, 18, 2, 'App\\Models\\SubSubIndikator', 46),
(2008, 18, 0, 'App\\Models\\SubSubIndikator', 47),
(2009, 18, 14, 'App\\Models\\SubSubIndikator', 76),
(2010, 18, 34, 'App\\Models\\SubSubIndikator', 77),
(2011, 18, 1, 'App\\Models\\SubSubIndikator', 78),
(2012, 18, 1, 'App\\Models\\SubSubIndikator', 79),
(2013, 18, 17, 'App\\Models\\SubSubIndikator', 48),
(2014, 18, 28, 'App\\Models\\SubSubIndikator', 49),
(2015, 18, 4, 'App\\Models\\SubSubIndikator', 50),
(2016, 18, 1, 'App\\Models\\SubSubIndikator', 51),
(2017, 18, 18, 'App\\Models\\SubSubIndikator', 52),
(2018, 18, 28, 'App\\Models\\SubSubIndikator', 53),
(2019, 18, 3, 'App\\Models\\SubSubIndikator', 54),
(2020, 18, 1, 'App\\Models\\SubSubIndikator', 55),
(2021, 18, 17, 'App\\Models\\SubSubIndikator', 56),
(2022, 18, 31, 'App\\Models\\SubSubIndikator', 57),
(2023, 18, 2, 'App\\Models\\SubSubIndikator', 58),
(2024, 18, 0, 'App\\Models\\SubSubIndikator', 59),
(2025, 18, 17, 'App\\Models\\SubSubIndikator', 60),
(2026, 18, 30, 'App\\Models\\SubSubIndikator', 61),
(2027, 18, 3, 'App\\Models\\SubSubIndikator', 62),
(2028, 18, 0, 'App\\Models\\SubSubIndikator', 63),
(2029, 18, 16, 'App\\Models\\SubSubIndikator', 64),
(2030, 18, 30, 'App\\Models\\SubSubIndikator', 65),
(2031, 18, 4, 'App\\Models\\SubSubIndikator', 66),
(2032, 18, 0, 'App\\Models\\SubSubIndikator', 67),
(2033, 18, 14, 'App\\Models\\SubSubIndikator', 68),
(2034, 18, 32, 'App\\Models\\SubSubIndikator', 69),
(2035, 18, 4, 'App\\Models\\SubSubIndikator', 70),
(2036, 18, 0, 'App\\Models\\SubSubIndikator', 71),
(2037, 18, 16, 'App\\Models\\SubSubIndikator', 80),
(2038, 18, 31, 'App\\Models\\SubSubIndikator', 81),
(2039, 18, 3, 'App\\Models\\SubSubIndikator', 82),
(2040, 18, 0, 'App\\Models\\SubSubIndikator', 83),
(2041, 18, 16, 'App\\Models\\SubSubIndikator', 84),
(2042, 18, 30, 'App\\Models\\SubSubIndikator', 85),
(2043, 18, 4, 'App\\Models\\SubSubIndikator', 86),
(2044, 18, 0, 'App\\Models\\SubSubIndikator', 87),
(2045, 18, 17, 'App\\Models\\SubSubIndikator', 88),
(2046, 18, 29, 'App\\Models\\SubSubIndikator', 89),
(2047, 18, 3, 'App\\Models\\SubSubIndikator', 90),
(2048, 18, 1, 'App\\Models\\SubSubIndikator', 91),
(2049, 18, 21, 'App\\Models\\SubSubIndikator', 93),
(2050, 18, 26, 'App\\Models\\SubSubIndikator', 94),
(2051, 18, 2, 'App\\Models\\SubSubIndikator', 95),
(2052, 18, 1, 'App\\Models\\SubSubIndikator', 96),
(2053, 19, 0, 'App\\Models\\Indikator', 9),
(2054, 19, 0, 'App\\Models\\Indikator', 13),
(2055, 19, 0, 'App\\Models\\Indikator', 2),
(2056, 19, 0, 'App\\Models\\SubIndikator', 1),
(2057, 19, 0, 'App\\Models\\SubIndikator', 2),
(2058, 19, 0, 'App\\Models\\SubIndikator', 3),
(2059, 19, 0, 'App\\Models\\SubIndikator', 4),
(2060, 19, 0, 'App\\Models\\SubIndikator', 5),
(2061, 19, 0, 'App\\Models\\SubIndikator', 6),
(2062, 19, 0, 'App\\Models\\SubIndikator', 7),
(2063, 19, 0, 'App\\Models\\SubIndikator', 8),
(2064, 19, 0, 'App\\Models\\SubIndikator', 9),
(2065, 19, 0, 'App\\Models\\SubIndikator', 10),
(2066, 19, 0, 'App\\Models\\SubIndikator', 11),
(2067, 19, 0, 'App\\Models\\SubIndikator', 14),
(2068, 19, 0, 'App\\Models\\SubIndikator', 15),
(2069, 19, 0, 'App\\Models\\SubIndikator', 16),
(2070, 19, 0, 'App\\Models\\SubIndikator', 17),
(2071, 19, 0, 'App\\Models\\SubIndikator', 18),
(2072, 19, 0, 'App\\Models\\SubIndikator', 19),
(2073, 19, 0, 'App\\Models\\SubIndikator', 20),
(2074, 19, 0, 'App\\Models\\SubIndikator', 21),
(2075, 19, 0, 'App\\Models\\SubIndikator', 22),
(2076, 19, 0, 'App\\Models\\SubIndikator', 23),
(2077, 19, 0, 'App\\Models\\SubIndikator', 24),
(2078, 19, 17, 'App\\Models\\SubSubIndikator', 1),
(2079, 19, 26, 'App\\Models\\SubSubIndikator', 2),
(2080, 19, 5, 'App\\Models\\SubSubIndikator', 3),
(2081, 19, 2, 'App\\Models\\SubSubIndikator', 4),
(2082, 19, 17, 'App\\Models\\SubSubIndikator', 11),
(2083, 19, 24, 'App\\Models\\SubSubIndikator', 13),
(2084, 19, 6, 'App\\Models\\SubSubIndikator', 14),
(2085, 19, 3, 'App\\Models\\SubSubIndikator', 15),
(2086, 19, 16, 'App\\Models\\SubSubIndikator', 16),
(2087, 19, 29, 'App\\Models\\SubSubIndikator', 17),
(2088, 19, 5, 'App\\Models\\SubSubIndikator', 18),
(2089, 19, 0, 'App\\Models\\SubSubIndikator', 19),
(2090, 19, 17, 'App\\Models\\SubSubIndikator', 20),
(2091, 19, 25, 'App\\Models\\SubSubIndikator', 21),
(2092, 19, 7, 'App\\Models\\SubSubIndikator', 22),
(2093, 19, 1, 'App\\Models\\SubSubIndikator', 23),
(2094, 19, 18, 'App\\Models\\SubSubIndikator', 24),
(2095, 19, 24, 'App\\Models\\SubSubIndikator', 25),
(2096, 19, 8, 'App\\Models\\SubSubIndikator', 26),
(2097, 19, 0, 'App\\Models\\SubSubIndikator', 27),
(2098, 19, 18, 'App\\Models\\SubSubIndikator', 28),
(2099, 19, 27, 'App\\Models\\SubSubIndikator', 29),
(2100, 19, 5, 'App\\Models\\SubSubIndikator', 30),
(2101, 19, 0, 'App\\Models\\SubSubIndikator', 31),
(2102, 19, 16, 'App\\Models\\SubSubIndikator', 32),
(2103, 19, 28, 'App\\Models\\SubSubIndikator', 33),
(2104, 19, 6, 'App\\Models\\SubSubIndikator', 34);
INSERT INTO `penilaian` (`id`, `dosen_id`, `nilai`, `penilaian_type`, `penilaian_id`) VALUES
(2105, 19, 0, 'App\\Models\\SubSubIndikator', 35),
(2106, 19, 14, 'App\\Models\\SubSubIndikator', 36),
(2107, 19, 31, 'App\\Models\\SubSubIndikator', 37),
(2108, 19, 5, 'App\\Models\\SubSubIndikator', 38),
(2109, 19, 0, 'App\\Models\\SubSubIndikator', 39),
(2110, 19, 16, 'App\\Models\\SubSubIndikator', 40),
(2111, 19, 28, 'App\\Models\\SubSubIndikator', 41),
(2112, 19, 5, 'App\\Models\\SubSubIndikator', 42),
(2113, 19, 1, 'App\\Models\\SubSubIndikator', 43),
(2114, 19, 13, 'App\\Models\\SubSubIndikator', 72),
(2115, 19, 31, 'App\\Models\\SubSubIndikator', 73),
(2116, 19, 5, 'App\\Models\\SubSubIndikator', 74),
(2117, 19, 1, 'App\\Models\\SubSubIndikator', 75),
(2118, 19, 14, 'App\\Models\\SubSubIndikator', 44),
(2119, 19, 28, 'App\\Models\\SubSubIndikator', 45),
(2120, 19, 7, 'App\\Models\\SubSubIndikator', 46),
(2121, 19, 1, 'App\\Models\\SubSubIndikator', 47),
(2122, 19, 14, 'App\\Models\\SubSubIndikator', 76),
(2123, 19, 30, 'App\\Models\\SubSubIndikator', 77),
(2124, 19, 5, 'App\\Models\\SubSubIndikator', 78),
(2125, 19, 1, 'App\\Models\\SubSubIndikator', 79),
(2126, 19, 15, 'App\\Models\\SubSubIndikator', 48),
(2127, 19, 28, 'App\\Models\\SubSubIndikator', 49),
(2128, 19, 7, 'App\\Models\\SubSubIndikator', 50),
(2129, 19, 0, 'App\\Models\\SubSubIndikator', 51),
(2130, 19, 15, 'App\\Models\\SubSubIndikator', 52),
(2131, 19, 29, 'App\\Models\\SubSubIndikator', 53),
(2132, 19, 5, 'App\\Models\\SubSubIndikator', 54),
(2133, 19, 1, 'App\\Models\\SubSubIndikator', 55),
(2134, 19, 14, 'App\\Models\\SubSubIndikator', 56),
(2135, 19, 29, 'App\\Models\\SubSubIndikator', 57),
(2136, 19, 5, 'App\\Models\\SubSubIndikator', 58),
(2137, 19, 2, 'App\\Models\\SubSubIndikator', 59),
(2138, 19, 17, 'App\\Models\\SubSubIndikator', 60),
(2139, 19, 26, 'App\\Models\\SubSubIndikator', 61),
(2140, 19, 6, 'App\\Models\\SubSubIndikator', 62),
(2141, 19, 1, 'App\\Models\\SubSubIndikator', 63),
(2142, 19, 16, 'App\\Models\\SubSubIndikator', 64),
(2143, 19, 27, 'App\\Models\\SubSubIndikator', 65),
(2144, 19, 6, 'App\\Models\\SubSubIndikator', 66),
(2145, 19, 1, 'App\\Models\\SubSubIndikator', 67),
(2146, 19, 12, 'App\\Models\\SubSubIndikator', 68),
(2147, 19, 29, 'App\\Models\\SubSubIndikator', 69),
(2148, 19, 7, 'App\\Models\\SubSubIndikator', 70),
(2149, 19, 2, 'App\\Models\\SubSubIndikator', 71),
(2150, 19, 17, 'App\\Models\\SubSubIndikator', 80),
(2151, 19, 25, 'App\\Models\\SubSubIndikator', 81),
(2152, 19, 7, 'App\\Models\\SubSubIndikator', 82),
(2153, 19, 1, 'App\\Models\\SubSubIndikator', 83),
(2154, 19, 16, 'App\\Models\\SubSubIndikator', 84),
(2155, 19, 27, 'App\\Models\\SubSubIndikator', 85),
(2156, 19, 7, 'App\\Models\\SubSubIndikator', 86),
(2157, 19, 0, 'App\\Models\\SubSubIndikator', 87),
(2158, 19, 16, 'App\\Models\\SubSubIndikator', 88),
(2159, 19, 28, 'App\\Models\\SubSubIndikator', 89),
(2160, 19, 6, 'App\\Models\\SubSubIndikator', 90),
(2161, 19, 0, 'App\\Models\\SubSubIndikator', 91),
(2162, 19, 20, 'App\\Models\\SubSubIndikator', 93),
(2163, 19, 24, 'App\\Models\\SubSubIndikator', 94),
(2164, 19, 6, 'App\\Models\\SubSubIndikator', 95),
(2165, 19, 0, 'App\\Models\\SubSubIndikator', 96),
(2166, 20, 4, 'App\\Models\\Indikator', 9),
(2167, 20, 1, 'App\\Models\\Indikator', 13),
(2168, 20, 1, 'App\\Models\\Indikator', 2),
(2169, 20, 0, 'App\\Models\\Indikator', 3),
(2170, 20, 10, 'App\\Models\\SubIndikator', 1),
(2171, 20, 0, 'App\\Models\\SubIndikator', 2),
(2172, 20, 0, 'App\\Models\\SubIndikator', 3),
(2173, 20, 0, 'App\\Models\\SubIndikator', 4),
(2174, 20, 0, 'App\\Models\\SubIndikator', 5),
(2175, 20, 0, 'App\\Models\\SubIndikator', 6),
(2176, 20, 0, 'App\\Models\\SubIndikator', 7),
(2177, 20, 0, 'App\\Models\\SubIndikator', 8),
(2178, 20, 0, 'App\\Models\\SubIndikator', 9),
(2179, 20, 0, 'App\\Models\\SubIndikator', 10),
(2180, 20, 0, 'App\\Models\\SubIndikator', 11),
(2181, 20, 1, 'App\\Models\\SubIndikator', 14),
(2182, 20, 0, 'App\\Models\\SubIndikator', 15),
(2183, 20, 1, 'App\\Models\\SubIndikator', 16),
(2184, 20, 0, 'App\\Models\\SubIndikator', 17),
(2185, 20, 0, 'App\\Models\\SubIndikator', 18),
(2186, 20, 0, 'App\\Models\\SubIndikator', 19),
(2187, 20, 0, 'App\\Models\\SubIndikator', 20),
(2188, 20, 0, 'App\\Models\\SubIndikator', 21),
(2189, 20, 0, 'App\\Models\\SubIndikator', 22),
(2190, 20, 0, 'App\\Models\\SubIndikator', 23),
(2191, 20, 0, 'App\\Models\\SubIndikator', 24),
(2192, 20, 18, 'App\\Models\\SubSubIndikator', 1),
(2193, 20, 29, 'App\\Models\\SubSubIndikator', 2),
(2194, 20, 3, 'App\\Models\\SubSubIndikator', 3),
(2195, 20, 0, 'App\\Models\\SubSubIndikator', 4),
(2196, 20, 17, 'App\\Models\\SubSubIndikator', 11),
(2197, 20, 27, 'App\\Models\\SubSubIndikator', 13),
(2198, 20, 5, 'App\\Models\\SubSubIndikator', 14),
(2199, 20, 1, 'App\\Models\\SubSubIndikator', 15),
(2200, 20, 19, 'App\\Models\\SubSubIndikator', 16),
(2201, 20, 27, 'App\\Models\\SubSubIndikator', 17),
(2202, 20, 4, 'App\\Models\\SubSubIndikator', 18),
(2203, 20, 0, 'App\\Models\\SubSubIndikator', 19),
(2204, 20, 19, 'App\\Models\\SubSubIndikator', 20),
(2205, 20, 23, 'App\\Models\\SubSubIndikator', 21),
(2206, 20, 7, 'App\\Models\\SubSubIndikator', 22),
(2207, 20, 1, 'App\\Models\\SubSubIndikator', 23),
(2208, 20, 15, 'App\\Models\\SubSubIndikator', 24),
(2209, 20, 25, 'App\\Models\\SubSubIndikator', 25),
(2210, 20, 10, 'App\\Models\\SubSubIndikator', 26),
(2211, 20, 0, 'App\\Models\\SubSubIndikator', 27),
(2212, 20, 18, 'App\\Models\\SubSubIndikator', 28),
(2213, 20, 25, 'App\\Models\\SubSubIndikator', 29),
(2214, 20, 7, 'App\\Models\\SubSubIndikator', 30),
(2215, 20, 0, 'App\\Models\\SubSubIndikator', 31),
(2216, 20, 16, 'App\\Models\\SubSubIndikator', 32),
(2217, 20, 28, 'App\\Models\\SubSubIndikator', 33),
(2218, 20, 6, 'App\\Models\\SubSubIndikator', 34),
(2219, 20, 0, 'App\\Models\\SubSubIndikator', 35),
(2220, 20, 19, 'App\\Models\\SubSubIndikator', 36),
(2221, 20, 24, 'App\\Models\\SubSubIndikator', 37),
(2222, 20, 7, 'App\\Models\\SubSubIndikator', 38),
(2223, 20, 0, 'App\\Models\\SubSubIndikator', 39),
(2224, 20, 18, 'App\\Models\\SubSubIndikator', 40),
(2225, 20, 28, 'App\\Models\\SubSubIndikator', 41),
(2226, 20, 4, 'App\\Models\\SubSubIndikator', 42),
(2227, 20, 0, 'App\\Models\\SubSubIndikator', 43),
(2228, 20, 16, 'App\\Models\\SubSubIndikator', 72),
(2229, 20, 27, 'App\\Models\\SubSubIndikator', 73),
(2230, 20, 7, 'App\\Models\\SubSubIndikator', 74),
(2231, 20, 0, 'App\\Models\\SubSubIndikator', 75),
(2232, 20, 17, 'App\\Models\\SubSubIndikator', 44),
(2233, 20, 29, 'App\\Models\\SubSubIndikator', 45),
(2234, 20, 3, 'App\\Models\\SubSubIndikator', 46),
(2235, 20, 1, 'App\\Models\\SubSubIndikator', 47),
(2236, 20, 19, 'App\\Models\\SubSubIndikator', 76),
(2237, 20, 24, 'App\\Models\\SubSubIndikator', 77),
(2238, 20, 5, 'App\\Models\\SubSubIndikator', 78),
(2239, 20, 2, 'App\\Models\\SubSubIndikator', 79),
(2240, 20, 17, 'App\\Models\\SubSubIndikator', 48),
(2241, 20, 28, 'App\\Models\\SubSubIndikator', 49),
(2242, 20, 5, 'App\\Models\\SubSubIndikator', 50),
(2243, 20, 0, 'App\\Models\\SubSubIndikator', 51),
(2244, 20, 19, 'App\\Models\\SubSubIndikator', 52),
(2245, 20, 25, 'App\\Models\\SubSubIndikator', 53),
(2246, 20, 5, 'App\\Models\\SubSubIndikator', 54),
(2247, 20, 1, 'App\\Models\\SubSubIndikator', 55),
(2248, 20, 17, 'App\\Models\\SubSubIndikator', 56),
(2249, 20, 29, 'App\\Models\\SubSubIndikator', 57),
(2250, 20, 3, 'App\\Models\\SubSubIndikator', 58),
(2251, 20, 1, 'App\\Models\\SubSubIndikator', 59),
(2252, 20, 19, 'App\\Models\\SubSubIndikator', 60),
(2253, 20, 27, 'App\\Models\\SubSubIndikator', 61),
(2254, 20, 4, 'App\\Models\\SubSubIndikator', 62),
(2255, 20, 0, 'App\\Models\\SubSubIndikator', 63),
(2256, 20, 20, 'App\\Models\\SubSubIndikator', 64),
(2257, 20, 25, 'App\\Models\\SubSubIndikator', 65),
(2258, 20, 4, 'App\\Models\\SubSubIndikator', 66),
(2259, 20, 1, 'App\\Models\\SubSubIndikator', 67),
(2260, 20, 16, 'App\\Models\\SubSubIndikator', 68),
(2261, 20, 29, 'App\\Models\\SubSubIndikator', 69),
(2262, 20, 4, 'App\\Models\\SubSubIndikator', 70),
(2263, 20, 1, 'App\\Models\\SubSubIndikator', 71),
(2264, 20, 16, 'App\\Models\\SubSubIndikator', 80),
(2265, 20, 28, 'App\\Models\\SubSubIndikator', 81),
(2266, 20, 5, 'App\\Models\\SubSubIndikator', 82),
(2267, 20, 1, 'App\\Models\\SubSubIndikator', 83),
(2268, 20, 20, 'App\\Models\\SubSubIndikator', 84),
(2269, 20, 24, 'App\\Models\\SubSubIndikator', 85),
(2270, 20, 5, 'App\\Models\\SubSubIndikator', 86),
(2271, 20, 1, 'App\\Models\\SubSubIndikator', 87),
(2272, 20, 17, 'App\\Models\\SubSubIndikator', 88),
(2273, 20, 28, 'App\\Models\\SubSubIndikator', 89),
(2274, 20, 3, 'App\\Models\\SubSubIndikator', 90),
(2275, 20, 2, 'App\\Models\\SubSubIndikator', 91),
(2276, 20, 23, 'App\\Models\\SubSubIndikator', 93),
(2277, 20, 25, 'App\\Models\\SubSubIndikator', 94),
(2278, 20, 2, 'App\\Models\\SubSubIndikator', 95),
(2279, 20, 0, 'App\\Models\\SubSubIndikator', 96);

-- --------------------------------------------------------

--
-- Table structure for table `sub_indikator`
--

CREATE TABLE `sub_indikator` (
  `id` bigint UNSIGNED NOT NULL,
  `indikator_id` bigint UNSIGNED NOT NULL,
  `nama_sub_indikator` varchar(255) COLLATE utf8mb4_unicode_ci NOT NULL,
  `skor_kredit` int DEFAULT NULL
) ENGINE=InnoDB DEFAULT CHARSET=utf8mb4 COLLATE=utf8mb4_unicode_ci;

--
-- Dumping data for table `sub_indikator`
--

INSERT INTO `sub_indikator` (`id`, `indikator_id`, `nama_sub_indikator`, `skor_kredit`) VALUES
(1, 4, 'Q1', 100),
(2, 4, 'Q2', 92),
(3, 4, 'Q3', 83),
(4, 4, 'Q4', 75),
(5, 4, 'No-Q', 66),
(6, 4, 'S1', 57),
(7, 4, 'S2', 49),
(8, 4, 'S3', 41),
(9, 4, 'S4', 32),
(10, 4, 'S5', 24),
(11, 4, 'S6', 17),
(14, 4, 'Tidak Terakreditasi', 8),
(15, 6, 'Internasional', 100),
(16, 6, 'Nasional', 50),
(17, 7, 'Buku Monograf', 100),
(18, 7, 'Referensi', 50),
(19, 8, 'Paten', 100),
(20, 8, 'Paten Sederhana', 84),
(21, 8, 'Hak Cipta', 69),
(22, 8, 'Merek Dagang', 51),
(23, 8, 'Rahasia Dagang', 34),
(24, 8, 'Desain Produk Industri', 17),
(25, 1, 'Ketersediaan perangkat pembelajaran berupa Rencana Pembelajaran Semester (RPS)', NULL),
(26, 1, 'Materi Kuliah dikemas sehingga dapat memotivasi mahasiswa', NULL),
(27, 1, 'Materi kuliah diberikan sesuai dengan RPS', NULL),
(28, 1, 'Dosen memberikan penilaian hasil belajar mahasiswa secara objektif', NULL),
(29, 1, 'Dosen mengawali dan mengakhiri perkuliahan dengan tepat waktu', NULL),
(30, 1, 'Dosen memenuhi jumlah perkuliahan 14 kali', NULL),
(31, 10, 'Struktur materi yang diajarkan bersifat runut', NULL),
(32, 10, 'Dosen menguasai materi yang diajarkan', NULL),
(33, 10, 'Dosen mampu memberikan contoh/ kasus yang aplikatif dalam kehidupan', NULL),
(34, 10, 'Dosen mampu menyampaikan materi perkuliahan dengan metode yang efektif dan bahasa yang mudah dipahami', NULL),
(35, 10, 'Dosen memanfaatkan media dan teknologi dalam pembelajaran.', NULL),
(36, 10, 'Materi perkuliahan yang up to date', NULL),
(37, 10, 'Kesesuaian materi perkuliahan dengan soal ujian', NULL),
(38, 10, 'Dosen memberikan umpan balik terhadap tugas yang diberikan', NULL),
(39, 11, 'Arif dalam mengambil keputusan', NULL),
(40, 11, 'Memberikan keteladanan dalam bersikap dan berperilaku', NULL),
(41, 11, 'Dosen bersikap sesuai dengan norma yang berlaku', NULL),
(42, 11, 'Adil dalam memperlakukan mahasiswa', NULL),
(43, 12, 'Kemampuan berkomunikasi lisan dan tulisan', NULL),
(44, 12, 'Sikap terbuka dalam menerima kritik, saran, dan pendapat dari mahasiswa', NULL),
(45, 12, 'Interaksi dengan mahasiswa', NULL),
(46, 12, 'Toleran terhadap keberagaman mahasiswa', NULL);

-- --------------------------------------------------------

--
-- Table structure for table `sub_sub_indikator`
--

CREATE TABLE `sub_sub_indikator` (
  `id` bigint UNSIGNED NOT NULL,
  `sub_indikator_id` bigint UNSIGNED NOT NULL,
  `nama_sub_sub_indikator` varchar(50) COLLATE utf8mb4_unicode_ci NOT NULL,
  `skor_kredit` int NOT NULL DEFAULT '0'
) ENGINE=InnoDB DEFAULT CHARSET=utf8mb4 COLLATE=utf8mb4_unicode_ci;

--
-- Dumping data for table `sub_sub_indikator`
--

INSERT INTO `sub_sub_indikator` (`id`, `sub_indikator_id`, `nama_sub_sub_indikator`, `skor_kredit`) VALUES
(1, 25, 'sangat baik', 4),
(2, 25, 'baik', 3),
(3, 25, 'cukup baik', 2),
(4, 25, 'kurang baik', 1),
(11, 26, 'sangat baik', 4),
(13, 26, 'baik', 3),
(14, 26, 'cukup baik', 2),
(15, 26, 'kurang baik', 1),
(16, 27, 'sangat baik', 4),
(17, 27, 'baik', 3),
(18, 27, 'cukup baik', 2),
(19, 27, 'kurang baik', 1),
(20, 28, 'sangat baik', 4),
(21, 28, 'baik', 3),
(22, 28, 'cukup baik', 2),
(23, 28, 'kurang baik', 1),
(24, 29, 'sangat baik', 4),
(25, 29, 'baik', 3),
(26, 29, 'cukup baik', 2),
(27, 29, 'kurang baik', 1),
(28, 30, 'sangat baik', 4),
(29, 30, 'baik', 3),
(30, 30, 'cukup baik', 2),
(31, 30, 'kurag baik', 1),
(32, 31, 'sangat baik', 4),
(33, 31, 'baik', 3),
(34, 31, 'cukup baik', 2),
(35, 31, 'kurang baik', 1),
(36, 32, 'sangat baik', 4),
(37, 32, 'baik', 3),
(38, 32, 'cukup baik', 2),
(39, 32, 'kurang baik', 1),
(40, 33, 'sangat baik', 4),
(41, 33, 'baik', 3),
(42, 33, 'cukup baik', 2),
(43, 33, 'kurang baik', 1),
(44, 35, 'sangat baik', 4),
(45, 35, 'baik', 3),
(46, 35, 'cukup baik', 2),
(47, 35, 'kurang baik', 1),
(48, 37, 'sangat baik', 4),
(49, 37, 'baik', 3),
(50, 37, 'cukup baik', 2),
(51, 37, 'kurang baik', 1),
(52, 38, 'sangat baik', 4),
(53, 38, 'baik', 3),
(54, 38, 'cukup baik', 2),
(55, 38, 'kurang baik', 1),
(56, 39, 'sangat baik', 4),
(57, 39, 'baik', 3),
(58, 39, 'cukup baik', 2),
(59, 39, 'kurang baik', 1),
(60, 40, 'sangat baik', 4),
(61, 40, 'baik', 3),
(62, 40, 'cukup baik', 2),
(63, 40, 'kurang baik', 1),
(64, 41, 'sangat baik', 4),
(65, 41, 'baik', 3),
(66, 41, 'cukup baik', 2),
(67, 41, 'kurang baik', 1),
(68, 42, 'sangat baik', 4),
(69, 42, 'baik', 3),
(70, 42, 'cukup baik', 2),
(71, 42, 'kurang baik', 1),
(72, 34, 'sangat baik', 4),
(73, 34, 'baik', 3),
(74, 34, 'cukup baik', 2),
(75, 34, 'kurang baik', 1),
(76, 36, 'sangat baik', 4),
(77, 36, 'baik', 3),
(78, 36, 'cukup baik', 2),
(79, 36, 'kurang baik', 1),
(80, 43, 'sangat baik', 4),
(81, 43, 'baik', 3),
(82, 43, 'cukup baik', 2),
(83, 43, 'kurang baik', 1),
(84, 44, 'sangat baik', 4),
(85, 44, 'baik', 3),
(86, 44, 'sangat baik', 2),
(87, 44, 'kurang baik', 1),
(88, 45, 'sangat baik', 4),
(89, 45, 'baik', 3),
(90, 45, 'cukup baik', 2),
(91, 45, 'kurang baik', 1),
(93, 46, 'sangat baik', 4),
(94, 46, 'baik', 3),
(95, 46, 'cukup baik', 2),
(96, 46, 'kurang baik', 1);

-- --------------------------------------------------------

--
-- Table structure for table `users`
--

CREATE TABLE `users` (
  `id` bigint UNSIGNED NOT NULL,
  `nama` varchar(100) COLLATE utf8mb4_unicode_ci NOT NULL,
  `username` varchar(50) COLLATE utf8mb4_unicode_ci NOT NULL,
  `password` varchar(255) COLLATE utf8mb4_unicode_ci NOT NULL
) ENGINE=InnoDB DEFAULT CHARSET=utf8mb4 COLLATE=utf8mb4_unicode_ci;

--
-- Dumping data for table `users`
--

INSERT INTO `users` (`id`, `nama`, `username`, `password`) VALUES
(1, 'Admin', 'admin', '$2y$12$qByqIQ8n.sO.Borsmwg0veBHmC0cw5UaF4jt.AMn2oQXXIotqBZk2');

--
-- Indexes for dumped tables
--

--
-- Indexes for table `dosen`
--
ALTER TABLE `dosen`
  ADD PRIMARY KEY (`id`),
  ADD UNIQUE KEY `dosen_nidn_unique` (`nidn`);

--
-- Indexes for table `indikator`
--
ALTER TABLE `indikator`
  ADD PRIMARY KEY (`id`),
  ADD KEY `indikator_kriteria_id_foreign` (`kriteria_id`);

--
-- Indexes for table `kriteria`
--
ALTER TABLE `kriteria`
  ADD PRIMARY KEY (`id`),
  ADD UNIQUE KEY `kriteria_kd_kriteria_unique` (`kd_kriteria`);

--
-- Indexes for table `migrations`
--
ALTER TABLE `migrations`
  ADD PRIMARY KEY (`id`);

--
-- Indexes for table `penilaian`
--
ALTER TABLE `penilaian`
  ADD PRIMARY KEY (`id`),
  ADD UNIQUE KEY `dosen_penilaian_unique` (`dosen_id`,`penilaian_id`,`penilaian_type`),
  ADD KEY `penilaian_penilaian_type_penilaian_id_index` (`penilaian_type`,`penilaian_id`);

--
-- Indexes for table `sub_indikator`
--
ALTER TABLE `sub_indikator`
  ADD PRIMARY KEY (`id`),
  ADD UNIQUE KEY `sub_indikator_nama_sub_indikator_unique` (`nama_sub_indikator`),
  ADD KEY `sub_indikator_indikator_id_foreign` (`indikator_id`);

--
-- Indexes for table `sub_sub_indikator`
--
ALTER TABLE `sub_sub_indikator`
  ADD PRIMARY KEY (`id`),
  ADD KEY `sub_sub_indikator_sub_indikator_id_foreign` (`sub_indikator_id`);

--
-- Indexes for table `users`
--
ALTER TABLE `users`
  ADD PRIMARY KEY (`id`),
  ADD UNIQUE KEY `users_username_unique` (`username`);

--
-- AUTO_INCREMENT for dumped tables
--

--
-- AUTO_INCREMENT for table `dosen`
--
ALTER TABLE `dosen`
  MODIFY `id` bigint UNSIGNED NOT NULL AUTO_INCREMENT, AUTO_INCREMENT=21;

--
-- AUTO_INCREMENT for table `indikator`
--
ALTER TABLE `indikator`
  MODIFY `id` bigint UNSIGNED NOT NULL AUTO_INCREMENT, AUTO_INCREMENT=14;

--
-- AUTO_INCREMENT for table `kriteria`
--
ALTER TABLE `kriteria`
  MODIFY `id` bigint UNSIGNED NOT NULL AUTO_INCREMENT, AUTO_INCREMENT=5;

--
-- AUTO_INCREMENT for table `migrations`
--
ALTER TABLE `migrations`
  MODIFY `id` int UNSIGNED NOT NULL AUTO_INCREMENT, AUTO_INCREMENT=12;

--
-- AUTO_INCREMENT for table `penilaian`
--
ALTER TABLE `penilaian`
  MODIFY `id` bigint UNSIGNED NOT NULL AUTO_INCREMENT, AUTO_INCREMENT=2280;

--
-- AUTO_INCREMENT for table `sub_indikator`
--
ALTER TABLE `sub_indikator`
  MODIFY `id` bigint UNSIGNED NOT NULL AUTO_INCREMENT, AUTO_INCREMENT=47;

--
-- AUTO_INCREMENT for table `sub_sub_indikator`
--
ALTER TABLE `sub_sub_indikator`
  MODIFY `id` bigint UNSIGNED NOT NULL AUTO_INCREMENT, AUTO_INCREMENT=97;

--
-- AUTO_INCREMENT for table `users`
--
ALTER TABLE `users`
  MODIFY `id` bigint UNSIGNED NOT NULL AUTO_INCREMENT, AUTO_INCREMENT=2;

--
-- Constraints for dumped tables
--

--
-- Constraints for table `indikator`
--
ALTER TABLE `indikator`
  ADD CONSTRAINT `indikator_kriteria_id_foreign` FOREIGN KEY (`kriteria_id`) REFERENCES `kriteria` (`id`) ON DELETE CASCADE;

--
-- Constraints for table `penilaian`
--
ALTER TABLE `penilaian`
  ADD CONSTRAINT `penilaian_dosen_id_foreign` FOREIGN KEY (`dosen_id`) REFERENCES `dosen` (`id`) ON DELETE CASCADE;

--
-- Constraints for table `sub_indikator`
--
ALTER TABLE `sub_indikator`
  ADD CONSTRAINT `sub_indikator_indikator_id_foreign` FOREIGN KEY (`indikator_id`) REFERENCES `indikator` (`id`) ON DELETE CASCADE;

--
-- Constraints for table `sub_sub_indikator`
--
ALTER TABLE `sub_sub_indikator`
  ADD CONSTRAINT `sub_sub_indikator_sub_indikator_id_foreign` FOREIGN KEY (`sub_indikator_id`) REFERENCES `sub_indikator` (`id`) ON DELETE RESTRICT;
COMMIT;

/*!40101 SET CHARACTER_SET_CLIENT=@OLD_CHARACTER_SET_CLIENT */;
/*!40101 SET CHARACTER_SET_RESULTS=@OLD_CHARACTER_SET_RESULTS */;
/*!40101 SET COLLATION_CONNECTION=@OLD_COLLATION_CONNECTION */;
